2008,18,2008-04-29,-0.0189,-0.0189,0.1027286,0.0912,78.6,298.492857143,294.527142857,301.1,296.4,25.37,78.7814285714,26.528571428600003,7.05714285714,33.3,21.7,75.2,29,0,1
2008,19,2008-05-06,-0.018000000000000002,-0.0124,0.08204286,0.07231429,12.56,298.47571428599997,294.395714286,300.8,296.7,21.83,78.23,26.0714285714,5.55714285714,30.0,22.2,34.3,6,0,1
2008,20,2008-05-13,-0.0015,0.0887,0.15108329999999998,0.09152857,3.66,299.455714286,295.30857142900004,302.2,296.4,4.12,78.27,27.9285714286,7.785714285710001,32.8,22.8,3.0,13,0,1
2008,21,2008-05-20,0.1101,-0.01986667,0.12432860000000001,0.12568569999999998,0.0,299.69,294.402857143,303.0,296.9,2.2,73.0157142857,28.0571428571,6.27142857143,33.3,24.4,0.3,20,0,1
2008,22,2008-05-27,0.0568,0.03983333,0.06226667,0.07591429,0.76,299.78,294.76,302.3,297.3,4.36,74.08428571430001,27.6142857143,7.085714285710001,33.3,23.3,84.1,27,0,1
2008,23,2008-06-03,-0.044000000000000004,-0.03046667,0.132,0.08352857,71.17,299.768571429,295.314285714,301.9,297.6,22.55,76.5571428571,28.0,5.17142857143,32.8,25.0,27.7,3,0,1
2008,24,2008-06-10,-0.0443,-0.024925,0.13227139999999998,0.15915710000000002,48.99,300.062857143,295.65,302.4,297.5,13.1,76.8442857143,27.4,6.04285714286,31.1,23.3,91.7,10,0,1
2008,25,2008-06-17,0.1101,0.08215,0.14437139999999998,0.1167286,30.81,300.484285714,295.99714285700003,303.5,297.5,7.2,76.87,28.7571428571,6.985714285710001,34.4,24.4,0.3,17,0,1
2008,26,2008-06-24,0.0108,0.0499,0.10057139999999999,0.1173286,8.02,300.601428571,296.268571429,302.5,298.5,17.1,77.3957142857,28.657142857100002,6.24285714286,32.8,23.9,28.7,24,0,1
2008,27,2008-07-01,0.07266667,0.10665999999999999,0.1554286,0.1649,17.52,300.49714285700003,296.411428571,302.3,298.7,11.9,78.5342857143,28.4571428571,4.62857142857,31.1,25.0,2.9,1,0,1
2008,28,2008-07-08,-0.04645,0.006825,0.2602857,0.21472860000000002,16.37,300.214285714,295.82428571400004,301.7,299.0,19.86,77.02142857140001,27.714285714299997,5.91428571429,31.1,23.9,22.1,8,0,1
2008,29,2008-07-15,0.1101,0.0887,0.1958429,0.1761571,4.34,300.448571429,296.17714285700004,302.3,298.7,5.49,77.6157142857,28.785714285700003,5.014285714290001,31.7,26.1,0.0,15,0,1
2008,30,2008-07-22,0.2083,0.4295,0.2776833,0.24565,3.39,300.598571429,296.512857143,302.3,298.9,13.62,78.56,28.6857142857,6.31428571429,32.8,24.4,7.1,22,0,1
2008,31,2008-07-29,0.0002,0.0039,0.10906669999999999,0.08648333,13.73,300.73,296.202857143,302.7,299.2,8.7,76.52142857140001,28.985714285700002,6.17142857143,32.8,25.0,5.1,29,0,1
2008,32,2008-08-05,0.1122,0.0322,0.19418570000000002,0.2057714,50.94,300.741428571,297.047142857,302.5,299.1,43.5,80.3714285714,28.3571428571,5.8571428571399995,32.2,23.9,37.6,5,0,1
2008,33,2008-08-12,0.1101,0.0887,0.0589,0.06564286,4.28,301.15,296.912857143,303.3,299.0,7.82,77.9685714286,29.214285714299997,6.34285714286,33.9,25.0,1.8,12,0,1
2008,34,2008-08-19,0.28915,0.2410333,0.2406,0.2085571,31.97,300.73571428599996,296.828571429,302.6,298.6,65.9,79.5471428571,28.971428571399997,5.32857142857,32.2,24.4,54.9,19,0,1
2008,35,2008-08-26,0.1132,0.0887,0.22608330000000001,0.1982429,19.67,301.022857143,297.218571429,303.2,298.9,31.6,79.86428571430001,28.8571428571,5.47142857143,32.2,24.4,16.2,26,0,1
2008,36,2008-09-02,0.1101,0.0173,0.19041670000000002,0.11998330000000001,60.56,301.22571428599997,297.4,303.5,298.9,50.0,80.0242857143,29.3571428571,6.41428571429,35.0,25.0,6.9,2,0,1
2008,37,2008-09-09,0.3619,0.649,0.1464,0.13138570000000002,126.68,300.804285714,297.275714286,303.6,298.8,58.4,81.3242857143,28.3857142857,6.42857142857,34.4,23.3,45.1,9,0,1
2008,38,2008-09-16,0.091375,0.16405,0.25166669999999997,0.19645,48.44,300.757142857,297.081428571,303.3,298.9,28.1,80.44857142859999,28.228571428600002,6.27142857143,32.8,24.4,20.4,16,0,1
2008,39,2008-09-23,0.0795,0.103675,0.2826857,0.2613,153.79,300.37857142900003,296.535714286,303.3,298.1,136.91,79.8614285714,27.4,5.8571428571399995,32.2,22.8,146.3,23,0,1
2008,40,2008-09-30,-0.13735,0.13095,0.2718857,0.27002859999999995,54.96,300.564285714,296.88285714299997,303.4,297.4,37.5,80.42,28.3571428571,7.05714285714,34.4,22.2,37.1,30,0,1
2008,41,2008-10-07,0.1306,0.0897,0.18608570000000002,0.19644289999999998,6.16,300.715714286,296.164285714,303.0,298.7,21.1,76.3614285714,28.1714285714,5.94285714286,31.7,24.4,8.5,7,0,1
2008,42,2008-10-14,0.1834,0.11755,0.1524571,0.1425,60.42,300.234285714,296.2,303.4,298.0,40.4,78.6585714286,27.214285714299997,6.2,32.8,22.8,73.0,14,0,1
2008,43,2008-10-21,0.03325,0.07486667,0.3363143,0.25265709999999997,91.7,299.734285714,295.888571429,302.6,297.8,22.7,79.4928571429,27.014285714299998,5.32857142857,31.7,23.3,16.5,21,0,1
2008,44,2008-10-28,0.0834,0.0757,0.07362857,0.12372860000000001,0.0,300.352857143,295.407142857,302.2,298.4,9.9,74.5057142857,27.6428571429,5.74285714286,31.1,23.9,6.4,28,0,1
2008,45,2008-11-04,-0.0944,-0.00495,0.1438,0.1303143,12.23,300.077142857,296.432857143,302.6,298.2,58.03,80.61857142859999,27.6142857143,5.75714285714,31.1,24.4,36.6,4,0,1
2008,46,2008-11-11,0.1011,0.07400000000000001,0.2376,0.1755286,12.64,300.137142857,295.854285714,303.3,297.9,19.6,77.6342857143,27.3857142857,5.92857142857,30.6,23.9,6.4,11,0,1
2008,47,2008-11-18,0.1101,0.044000000000000004,0.22104290000000001,0.18352860000000001,22.49,299.712857143,295.664285714,301.9,298.0,49.42,78.64,26.8142857143,5.71428571429,30.6,23.3,56.9,18,0,1
2008,48,2008-11-25,0.03925,0.0731,0.1884,0.2118714,9.3,299.35571428599997,294.76428571400004,301.6,297.8,31.83,75.9971428571,26.485714285700002,5.45714285714,30.0,22.8,32.8,25,0,1
2008,49,2008-12-02,-0.0874,0.1729,0.1455833,0.10983330000000001,3.64,298.582857143,292.44,300.5,296.7,0.72,68.94428571430001,25.228571428600002,6.485714285709999,28.9,21.7,4.1,2,0,1
2008,50,2008-12-09,0.0362,0.06956667,0.2926429,0.2735,0.0,298.552857143,293.29,300.0,296.7,9.52,72.79,25.5571428571,5.65714285714,28.9,22.2,11.2,9,0,1
2008,51,2008-12-16,0.0306,0.0238,0.28902859999999997,0.25822860000000003,7.75,298.575714286,294.054285714,300.2,297.2,25.75,76.2185714286,26.271428571399998,6.11428571429,30.6,21.7,37.9,16,0,1
2008,52,2008-12-23,-0.00395,-0.0159,0.19931429999999997,0.16795,0.0,297.788571429,292.737142857,299.9,294.9,17.5,73.7785714286,25.0714285714,6.02857142857,28.9,20.6,11.7,23,0,1
2009,1,2009-01-01,0.5004,0.161425,0.16078570000000003,0.18865,31.455,298.547142857,295.82500000000005,302.75,296.3,25.85,80.33000000000001,27.48333333335,6.6428571428600005,32.8,22.2,23.6,1,0,1
2009,2,2009-01-08,-0.0814,0.0081,0.35324,0.2524,0.0,297.75142857099996,292.74714285700003,300.3,294.3,3.45,73.9542857143,25.0714285714,6.2,28.9,20.6,3.6,8,0,1
2009,3,2009-01-15,0.0764,0.0102,0.17193329999999998,0.1197714,0.0,298.291428571,294.052857143,299.8,297.2,6.5,77.5228571429,25.9285714286,6.02857142857,29.4,22.2,8.5,15,0,1
2009,4,2009-01-22,0.03183333,0.01133333,0.1108286,0.17014289999999999,9.09,297.921428571,294.185714286,300.2,296.4,29.9,80.02,25.9,6.11428571429,31.1,21.7,18.6,22,0,1
2009,5,2009-01-29,0.0626,-0.00625,0.21146669999999998,0.14523329999999998,0.0,298.042857143,294.595714286,299.8,296.6,21.1,81.3328571429,26.1857142857,6.514285714290001,31.1,21.7,22.6,29,0,1
2009,6,2009-02-05,0.0162,0.000625,0.1229,0.1317,0.0,297.89,293.738571429,300.4,295.6,12.0,77.83,25.5714285714,5.78571428571,30.0,21.7,11.7,5,0,1
2009,7,2009-02-12,0.0558,0.07665,0.2572,0.2180143,0.0,297.542857143,293.19,300.0,295.7,32.43,76.9514285714,25.3571428571,6.4,30.6,21.7,62.8,12,0,1
2009,8,2009-02-19,0.0374,0.07305,0.1799714,0.1514429,11.01,297.35571428599997,292.29571428599996,300.1,295.9,31.2,73.58428571430001,25.028571428600003,5.71428571429,30.0,21.7,14.6,19,0,1
2009,9,2009-02-26,0.4708,0.2018,0.3043,0.2088167,5.82,297.60571428599997,292.488571429,299.6,295.0,5.0,73.2571428571,25.2,6.25714285714,30.0,20.6,5.8,26,0,1
2009,10,2009-03-05,0.0714,-0.05,0.2076714,0.14105710000000002,63.28,297.9,293.015714286,299.9,296.3,4.08,74.30571428569999,25.728571428600002,6.885714285710001,30.0,21.7,1.0,5,0,1
2009,11,2009-03-12,0.1101,-0.0287,0.07662857,0.08174286,31.47,296.804285714,292.012857143,299.6,295.2,33.5,74.9171428571,25.5,4.84285714286,31.1,21.7,21.6,12,0,1
2009,12,2009-03-19,0.0025,0.00592,0.2417714,0.17991429999999997,0.0,296.651428571,291.351428571,298.4,295.2,10.06,72.25857142859999,25.0,5.37142857143,28.3,21.1,25.5,19,0,1
2009,13,2009-03-26,-0.12956669999999998,-0.06473333,0.19907139999999998,0.17554289999999997,9.09,297.07,292.31142857099996,300.0,295.1,24.84,74.93,25.271428571399998,6.885714285710001,30.0,21.1,21.9,26,0,1
2009,14,2009-04-02,0.1003,0.1035,0.1227,0.1065143,3.79,296.69285714299997,291.42571428599996,298.9,294.1,9.4,72.4642857143,25.0571428571,5.54285714286,28.9,21.1,3.8,2,0,1
2009,15,2009-04-09,-0.04683333,0.038439999999999995,0.16544289999999998,0.13418570000000002,0.0,297.508571429,292.701428571,299.7,296.0,3.74,74.72857142859999,25.728571428600002,6.41428571429,30.0,21.7,13.0,9,0,1
2009,16,2009-04-16,0.1101,-0.0276,0.1130286,0.10844289999999998,0.0,298.24857142900004,293.241428571,300.2,296.1,0.5,73.9214285714,26.5714285714,7.0,30.6,22.8,0.9,16,0,1
2009,17,2009-04-23,-0.0266,0.0271,0.1302286,0.12961430000000002,14.71,298.532857143,293.582857143,301.0,296.1,4.5,74.1928571429,26.8,7.54285714286,32.8,22.2,35.0,23,0,1
2009,18,2009-04-30,0.0558,0.0407,0.1873143,0.1395286,18.69,298.602857143,294.055714286,300.8,296.9,10.9,76.1242857143,26.728571428600002,6.21428571429,31.7,22.2,23.6,30,0,1
2009,19,2009-05-07,0.0584,0.0277,0.048,0.04892857,8.25,298.071428571,293.538571429,300.0,295.6,15.6,76.06,26.2571428571,5.41428571429,30.0,22.2,13.7,7,0,1
2009,20,2009-05-14,0.03605,0.05396667,0.10714289999999999,0.11685710000000002,34.87,298.218571429,294.987142857,300.1,297.1,29.93,82.3328571429,26.5857142857,4.7,30.6,23.3,23.4,14,0,1
2009,21,2009-05-21,0.0736,0.04505,0.1062143,0.1195857,28.6,297.971428571,294.715714286,299.5,296.6,65.47,82.2571428571,26.2571428571,4.72857142857,29.4,22.8,44.2,21,0,1
2009,22,2009-05-28,0.1101,0.044000000000000004,0.2181571,0.1863,92.89,299.265714286,296.405714286,301.2,297.4,18.3,84.41428571430001,27.6142857143,5.71428571429,31.1,23.9,46.7,28,0,1
2009,23,2009-06-04,-0.0021,0.0656,0.1694714,0.1681,19.06,299.744285714,295.607142857,301.9,297.3,5.22,78.30857142859999,27.7571428571,5.8,33.3,23.3,44.7,4,0,1
2009,24,2009-06-11,0.1101,0.0713,0.08968571,0.0782,34.18,299.56,295.655714286,301.5,297.9,23.83,79.27142857140001,27.8142857143,6.45714285714,32.2,23.9,78.7,11,0,1
2009,25,2009-06-18,0.03945,0.035,0.1112143,0.1364286,55.21,299.951428571,296.13142857099996,301.7,298.4,8.61,79.7214285714,28.0571428571,6.28571428571,32.8,24.4,80.1,18,0,1
2009,26,2009-06-25,0.02156667,0.01685,0.18475,0.2024143,38.8,300.241428571,295.68857142900004,302.4,298.2,9.6,76.37,28.657142857100002,6.985714285710001,33.3,24.4,40.0,25,0,1
2009,27,2009-07-02,-0.0798,0.00745,0.2403333,0.2286,19.38,300.62142857099997,296.245714286,302.7,297.7,4.0,77.3214285714,29.785714285700003,6.65714285714,33.9,26.1,0.0,2,0,1
2009,28,2009-07-09,0.02915,0.11173330000000001,0.1795286,0.1759714,40.29,300.87,296.43,302.8,298.8,11.49,76.9185714286,29.1285714286,6.57142857143,33.9,23.9,50.0,9,0,1
2009,29,2009-07-16,0.0501,0.069,0.20323329999999998,0.2080429,5.22,300.717142857,296.75285714299997,302.6,298.7,15.43,79.1828571429,29.3571428571,5.34285714286,32.8,26.1,12.7,16,0,1
2009,30,2009-07-23,0.0067,0.05496667,0.1936286,0.16538570000000002,8.15,300.758571429,296.877142857,302.6,298.8,27.4,79.58428571430001,29.3285714286,5.95714285714,32.8,24.4,28.2,23,0,1
2009,31,2009-07-30,0.0838,0.14093329999999998,0.1300714,0.11305710000000001,26.35,300.86571428599996,296.812857143,302.6,299.0,26.64,78.73,29.3714285714,6.18571428571,32.8,23.9,61.5,30,0,1
2009,32,2009-08-06,-0.002,-0.035525,0.2497143,0.15354289999999998,6.73,300.83,296.532857143,302.4,299.4,20.01,77.5728571429,29.3142857143,5.55714285714,32.8,25.6,9.4,6,0,1
2009,33,2009-08-13,0.0323,0.04776667,0.15541429999999998,0.13427139999999999,16.15,300.924285714,296.68142857099997,302.5,298.9,21.5,77.83571428569999,28.8142857143,6.32857142857,33.3,25.0,36.1,13,0,1
2009,34,2009-08-20,0.1101,0.02,0.1940333,0.2151857,90.59,300.72,296.76428571400004,302.3,299.1,49.1,79.1828571429,28.9142857143,5.78571428571,32.8,25.6,86.7,20,0,1
2009,35,2009-08-27,0.1101,-0.0002333333,0.2517,0.2129143,15.02,300.877142857,297.01,303.7,298.4,32.72,79.7,29.471428571399997,5.22857142857,33.9,26.7,11.3,27,0,1
2009,36,2009-09-03,-0.01276667,0.0009,0.1799,0.15951429999999997,9.63,301.101428571,296.554285714,303.7,299.1,8.1,76.5442857143,29.528571428600003,7.07142857143,35.0,24.4,76.3,3,0,1
2009,37,2009-09-10,0.0595,0.08106000000000001,0.1314286,0.09584286,30.56,300.62142857099997,296.908571429,302.9,298.3,49.2,80.3257142857,28.6428571429,5.02857142857,31.7,23.3,21.4,10,0,1
2009,38,2009-09-17,0.0879,0.07886667,0.08078571,0.07994286,9.52,300.842857143,296.588571429,303.2,298.5,10.0,77.8542857143,29.2,6.34285714286,34.4,25.0,104.7,17,0,1
2009,39,2009-09-24,-0.06316667,0.058325,0.15371429999999997,0.13674289999999997,53.19,300.772857143,296.405714286,302.7,298.8,23.52,77.2185714286,28.6428571429,6.54285714286,34.4,23.9,35.8,24,0,1
2009,40,2009-10-01,0.1101,0.006025,0.1571,0.14274289999999998,43.31,301.14428571400003,297.052857143,303.7,299.1,15.4,78.55142857140001,29.3571428571,5.78571428571,33.3,25.6,1.6,1,0,1
2009,41,2009-10-08,0.3461,0.04855,0.1787667,0.2105,60.94,301.345714286,297.091428571,303.6,299.4,28.47,77.7671428571,29.728571428600002,6.1,33.3,26.1,7.4,8,0,1
2009,42,2009-10-15,0.19475,0.135325,0.2547429,0.2541143,20.01,301.04571428599996,297.228571429,303.5,299.2,40.1,79.91571428569999,29.5428571429,5.38571428571,33.3,25.6,29.5,15,0,1
2009,43,2009-10-22,-0.07906667,-0.12845,0.2722429,0.2278143,5.52,300.831428571,296.9,303.1,299.0,18.7,79.3128571429,28.985714285700002,6.34285714286,33.3,24.4,18.6,22,0,1
2009,44,2009-10-29,0.1101,-6.666667e-05,0.2418571,0.22704290000000002,10.07,300.757142857,295.995714286,302.6,298.6,15.38,75.4471428571,29.1,6.5,33.9,25.0,2.1,29,0,1
2009,45,2009-11-05,0.1101,-0.1572,0.1306714,0.14438570000000003,12.01,300.407142857,295.571428571,302.3,298.6,9.11,75.0357142857,28.271428571399998,5.71428571429,32.2,25.0,36.0,5,0,1
2009,46,2009-11-12,0.1101,-0.20600000000000002,0.23208330000000002,0.10268569999999999,51.55,300.20428571400004,295.95428571400004,301.9,298.2,37.29,77.66571428569999,27.4,5.42857142857,30.6,22.8,121.1,12,0,1
2009,47,2009-11-19,0.0291,-0.03568,0.13498329999999997,0.1323,94.13,300.104285714,296.135714286,303.3,297.6,19.1,79.05428571430001,27.728571428600002,6.9,32.8,23.9,97.3,19,0,1
2009,48,2009-11-26,-0.0033,0.0887,0.2258857,0.1390429,41.17,299.988571429,296.444285714,301.9,297.7,12.5,81.1328571429,27.3,6.21428571429,32.8,23.3,68.7,26,0,1
2009,49,2009-12-03,0.17255,0.1421,0.21545709999999998,0.2151571,3.27,300.038571429,295.387142857,302.0,298.0,1.42,75.7842857143,26.8571428571,6.2,30.6,23.3,20.1,3,0,1
2009,50,2009-12-10,-0.0192,-0.04448,0.1941167,0.1522,0.0,300.025714286,295.412857143,301.8,298.5,11.5,75.99,27.1285714286,5.91428571429,30.6,23.3,12.0,10,0,1
2009,51,2009-12-17,0.3517,0.17815,0.2365571,0.21472860000000002,1.88,299.718571429,295.38,301.4,298.3,17.9,77.19142857140001,26.6857142857,5.78571428571,30.6,22.2,28.4,17,0,1
2009,52,2009-12-24,-0.07163333,-0.0481,0.172225,0.1085875,0.0,299.448571429,294.702857143,301.5,297.4,3.0,75.3514285714,26.714285714299997,6.04285714286,31.7,22.8,1.8,24,0,1
2010,53,2010-01-01,0.1101,0.0887,0.2041714,0.18647139999999998,31.455,298.547142857,295.82500000000005,302.75,296.3,25.85,80.33000000000001,27.48333333335,6.6428571428600005,32.8,22.2,23.6,1,0,1
2010,1,2010-01-08,0.332,0.0412,0.2023833,0.1897,0.0,298.66,294.777142857,301.7,296.6,17.76,79.3242857143,26.4571428571,6.58571428571,31.7,21.7,0.3,8,0,1
2010,2,2010-01-15,0.0227,0.0227,0.1767714,0.15821429999999997,6.24,298.452857143,294.4,301.6,296.5,16.97,78.6457142857,25.6142857143,7.07142857143,31.7,20.6,48.6,15,0,1
2010,3,2010-01-22,0.2409,0.11044000000000001,0.1177714,0.1079,0.0,297.837142857,295.218571429,300.5,296.3,56.9,85.5385714286,25.0857142857,4.84285714286,29.4,21.7,207.7,22,0,1
2010,4,2010-01-29,0.0799,0.03605,0.21594290000000002,0.1729714,8.69,298.541428571,294.9,301.1,296.4,7.77,80.38,25.785714285700003,5.54285714286,30.6,22.8,20.3,29,0,1
2010,5,2010-02-05,0.0375,0.0782,0.1250143,0.13475710000000002,0.0,298.19,292.887142857,299.7,296.6,7.6,72.6085714286,24.971428571399997,6.72857142857,28.9,20.0,5.2,5,0,1
2010,6,2010-02-12,0.478,0.21323330000000001,0.26252859999999995,0.2623,0.0,298.76,293.44142857099996,301.7,296.1,0.3,72.5285714286,26.3142857143,7.7,31.1,21.7,0.0,12,0,1
2010,7,2010-02-19,0.1101,0.0286,0.13875,0.1762286,0.0,298.837142857,294.39428571400003,302.3,296.6,2.5,76.6557142857,26.3857142857,7.52857142857,31.1,21.7,1.8,19,0,1
2010,8,2010-02-26,-0.02973333,-0.06515,0.09831667,0.08487143,20.28,298.607142857,294.44,302.0,296.6,30.3,78.02,26.7571428571,6.6,32.8,22.2,4.8,26,0,1
2010,9,2010-03-05,0.0479,0.00168,0.1630833,0.1480167,0.0,299.298571429,295.81142857099996,302.0,297.3,15.29,81.30571428569999,27.5714285714,6.77142857143,33.9,22.8,20.6,5,0,1
2010,10,2010-03-12,0.1101,-0.0111,0.04485714,0.02208571,0.0,298.218571429,294.538571429,302.2,293.8,43.5,80.4328571429,25.9,5.95714285714,33.3,20.0,43.0,12,0,1
2010,11,2010-03-19,-0.10099999999999999,-0.12143330000000001,0.2296429,0.17761429999999997,0.0,298.168571429,294.44285714299997,302.1,295.0,26.1,80.00857142859999,26.1857142857,6.514285714290001,33.3,21.1,35.1,19,0,1
2010,12,2010-03-26,-0.008233333,-0.0748,0.28537140000000005,0.1961,6.92,299.937142857,295.708571429,302.9,296.8,1.8,77.8571428571,28.0428571429,8.02857142857,33.3,22.2,0.3,26,0,1
2010,13,2010-04-02,-0.06055,0.00845,0.3026857,0.2249429,0.0,299.79,294.957142857,301.9,298.0,0.8,74.9657142857,27.5571428571,7.014285714289999,31.7,23.3,0.0,2,0,1
2010,14,2010-04-09,-0.073,-0.05613333,0.2341286,0.1856857,11.01,298.801428571,293.36,302.0,296.2,6.85,72.2,26.771428571399998,6.75714285714,33.9,22.2,0.0,9,0,1
2010,15,2010-04-16,0.0197,0.0132,0.16812860000000002,0.13475710000000002,0.0,298.541428571,293.57428571400004,300.6,296.1,12.3,74.1542857143,26.1857142857,6.57142857143,30.0,21.1,17.6,16,0,1
2010,16,2010-04-23,0.06955,0.0887,0.11774289999999998,0.0991,28.28,298.62857142900003,295.007142857,301.7,297.1,48.3,80.63,26.528571428600003,5.8,32.2,22.8,48.4,23,0,1
2010,17,2010-04-30,-0.2154,-0.04085,0.0683,0.05615714,43.33,299.662857143,296.55857142900004,301.8,298.2,30.9,83.18,27.8,5.25714285714,32.8,23.3,21.9,30,0,1
2010,18,2010-05-07,0.00145,-0.0115,0.2146,0.2137857,13.3,300.294285714,296.421428571,303.1,298.2,24.08,79.6928571429,28.528571428600003,6.4,34.4,22.8,31.7,7,0,1
2010,19,2010-05-14,-0.02065,0.004166667,0.13664289999999998,0.16601429999999998,19.1,299.50285714299997,295.551428571,301.9,297.7,14.2,79.1685714286,27.0,5.62857142857,30.6,23.3,83.3,14,0,1
2010,20,2010-05-21,0.0653,0.0993,0.17331429999999998,0.16714289999999998,17.51,299.791428571,296.314285714,301.8,298.6,41.5,81.3571428571,27.8714285714,5.25714285714,31.1,24.4,85.3,21,0,1
2010,21,2010-05-28,0.1254,0.02483333,0.1619,0.2083571,31.56,300.344285714,296.451428571,302.5,298.4,15.6,79.4028571429,28.214285714299997,6.75714285714,32.8,23.9,61.5,28,0,1
2010,22,2010-06-04,0.05803333,0.0776,0.08121667,0.10785710000000001,125.84,300.362857143,297.661428571,302.7,298.2,174.8,85.3457142857,28.4285714286,5.7,32.8,25.0,56.2,4,0,1
2010,23,2010-06-11,-0.0351,-0.022475,0.15555,0.1512714,62.16,300.93857142900004,297.39428571400003,303.2,299.2,8.1,81.3028571429,28.971428571399997,5.87142857143,33.3,25.0,17.7,11,0,1
2010,24,2010-06-18,0.0371,0.072075,0.3342857,0.27322859999999993,18.94,301.03,296.988571429,302.9,299.3,13.08,78.86428571430001,28.7,5.81428571429,32.2,25.0,27.4,18,0,1
2010,25,2010-06-25,0.072175,0.05403333,0.1621,0.1322429,64.77,300.268571429,297.1,302.7,298.3,78.6,83.0014285714,27.4571428571,4.92857142857,31.7,23.3,100.1,25,0,1
2010,26,2010-07-02,-0.0817,-0.0171,0.17854289999999998,0.1252143,78.93,300.312857143,297.302857143,302.6,298.7,36.12,83.69142857140001,27.4285714286,6.24285714286,32.2,23.3,72.2,2,0,1
2010,27,2010-07-09,-0.0153,-0.005,0.21438569999999998,0.17655710000000002,9.91,300.87142857099997,297.5,302.7,299.3,27.57,82.0114285714,28.8571428571,5.7,32.2,24.4,46.0,9,0,1
2010,28,2010-07-16,0.099,0.0356,0.2079,0.20795709999999998,28.44,301.101428571,297.604285714,303.4,298.9,24.47,81.4942857143,29.1857142857,6.25714285714,33.9,23.9,7.2,16,0,1
2010,29,2010-07-23,0.009833333,0.03178,0.05115714,0.07565714,93.3,300.24714285700003,297.28,302.2,298.8,100.9,84.0114285714,27.8571428571,5.88571428571,32.2,23.3,105.1,23,0,1
2010,30,2010-07-30,0.08335,0.052000000000000005,0.1494714,0.1137857,95.05,300.155714286,297.328571429,302.1,298.6,40.09,84.71,27.3285714286,5.22857142857,31.7,22.8,67.5,30,0,1
2010,31,2010-08-06,-0.01335,-0.02223333,0.2392714,0.2311714,12.19,300.845714286,297.215714286,302.6,299.1,19.56,80.7428571429,28.8857142857,5.485714285709999,31.7,25.0,15.2,6,0,1
2010,32,2010-08-13,0.1101,-0.0004,0.0749,0.11573330000000001,3.1,301.214285714,297.417142857,303.6,299.3,39.9,80.0414285714,29.4571428571,6.0,34.4,25.0,11.4,13,0,1
2010,33,2010-08-20,-0.08675,-0.0105,0.13295,0.14048329999999998,55.55,300.91,297.335714286,303.3,298.9,40.21,81.0628571429,28.514285714299998,5.7,32.2,25.0,67.1,20,0,1
2010,34,2010-08-27,0.03126667,0.128875,0.28447140000000004,0.2008571,23.58,301.127142857,297.421428571,303.8,298.5,34.08,80.4528571429,29.2,5.78571428571,33.9,25.0,13.7,27,0,1
2010,35,2010-09-03,0.1101,0.08176667,0.17288570000000003,0.1753,42.86,301.507142857,297.424285714,304.1,299.3,87.1,78.7157142857,28.9428571429,5.17142857143,32.2,24.4,103.4,3,0,1
2010,36,2010-09-10,0.3101,0.17856670000000002,0.11763330000000001,0.13351670000000002,44.44,301.364285714,297.45,304.0,299.4,31.7,79.5028571429,29.0571428571,5.72857142857,34.4,25.0,32.8,10,0,1
2010,37,2010-09-17,0.0029,0.02006667,0.2180571,0.1339714,57.8,300.948571429,297.407142857,302.5,299.3,56.1,81.2114285714,28.4142857143,5.32857142857,31.7,24.4,77.1,17,0,1
2010,38,2010-09-24,0.1101,0.07806667,0.1541429,0.10877139999999999,11.72,301.09,296.964285714,303.2,299.2,27.6,78.3628571429,28.6428571429,6.5,33.3,25.0,71.7,24,0,1
2010,39,2010-10-01,0.1101,0.08916667,0.13521429999999998,0.1002,28.17,300.905714286,296.91,302.6,298.9,30.65,79.0171428571,27.8714285714,5.42857142857,31.1,24.4,48.0,1,0,1
2010,40,2010-10-08,0.08545,0.0887,0.1388,0.1544,90.87,300.72571428599997,297.104285714,302.8,299.0,32.52,80.7928571429,28.1,5.4,32.2,25.0,21.8,8,0,1
2010,41,2010-10-15,0.2535,0.1899333,0.11375710000000001,0.1099286,132.05,300.831428571,297.372857143,303.3,298.9,37.9,81.6242857143,28.2,6.58571428571,33.3,24.4,85.7,15,0,1
2010,42,2010-10-22,0.18415,0.164325,0.3621,0.3181286,4.24,300.891428571,296.664285714,303.0,298.1,14.5,77.9928571429,28.0714285714,6.12857142857,32.8,24.4,24.4,22,0,1
2010,43,2010-10-29,-0.0157,-0.09115,0.3367,0.2160714,1.24,300.914285714,295.712857143,303.3,298.5,4.8,73.4828571429,28.014285714299998,6.37142857143,33.3,23.9,12.1,29,0,1
2010,44,2010-11-05,-0.2052,0.13015,0.13871429999999998,0.1344143,10.37,300.325714286,296.00285714299997,302.2,298.3,55.3,77.4014285714,27.8857142857,6.34285714286,32.2,22.8,61.7,5,0,1
2010,45,2010-11-12,0.0532,0.04565,0.1268667,0.08613333,89.65,299.848571429,296.41571428599997,301.7,297.8,120.7,81.55142857140001,27.528571428600003,6.02857142857,32.2,23.3,120.0,12,0,1
2010,46,2010-11-19,-0.18265,0.11446669999999999,0.10925,0.08024286,42.65,298.95428571400004,294.737142857,301.7,296.9,34.0,78.03,26.285714285700003,5.0,30.0,22.8,48.6,19,0,1
2010,47,2010-11-26,-0.212,0.0148,0.28185709999999997,0.21472860000000002,1.08,299.258571429,293.544285714,300.7,297.2,17.58,70.9328571429,26.157142857100002,5.7,29.4,22.2,27.5,26,0,1
2010,48,2010-12-03,-0.0527,0.01235,0.17088570000000003,0.175,2.12,298.88285714299997,293.21,300.3,296.7,19.0,71.08428571430001,25.6857142857,5.4,28.9,21.1,6.0,3,0,1
2010,49,2010-12-10,0.4955,0.0887,0.2561,0.22305709999999998,0.0,298.00285714299997,290.877142857,299.7,294.8,3.7,64.92,24.657142857100002,6.8,28.3,20.0,5.1,10,0,1
2010,50,2010-12-17,-0.18516670000000002,-0.132375,0.209,0.2016571,32.9,298.82285714299996,294.77,301.3,296.3,8.76,78.5142857143,26.1285714286,5.94285714286,31.1,22.8,45.2,17,0,1
2010,51,2010-12-24,0.0223,-0.03633333,0.13171429999999998,0.1273571,15.16,298.09,293.75,301.4,296.1,30.8,77.07,25.2,5.485714285709999,30.6,21.1,118.4,24,0,1
2011,52,2011-01-01,0.065,0.0887,0.16232860000000002,0.14991110000000002,7.57,298.24714285700003,293.402857143,300.0,296.9,8.3,74.5685714286,25.4285714286,5.08571428571,28.3,22.2,5.7,1,0,1
2011,1,2011-01-08,0.00895,0.01385,0.1041143,0.07068571,9.17,296.982857143,292.712857143,298.2,295.8,27.68,77.1571428571,24.157142857100002,4.04285714286,27.2,20.6,23.2,8,0,1
2011,2,2011-01-15,0.1101,-0.03813333,0.12261430000000001,0.1074,7.58,297.898571429,294.548571429,300.1,296.4,5.7,81.77142857140001,25.0857142857,6.67142857143,31.7,21.1,24.1,15,0,1
2011,3,2011-01-22,-0.1112,-0.041775,0.30417140000000004,0.2455429,10.11,298.294285714,294.58428571400003,300.1,297.1,7.2,80.0757142857,25.4142857143,5.94285714286,30.0,21.7,16.3,22,0,1
2011,4,2011-01-29,-0.10099999999999999,0.0288,0.2506143,0.20218570000000002,0.0,298.314285714,294.244285714,300.3,296.9,0.3,78.2142857143,25.285714285700003,6.95714285714,30.0,20.6,2.5,29,0,1
2011,5,2011-02-05,-0.0679,0.05163333,0.1912429,0.1955286,0.0,298.1,293.48571428599996,300.1,296.7,1.1,75.5814285714,25.0714285714,6.97142857143,29.4,20.6,6.1,5,0,1
2011,6,2011-02-12,-0.06153333,0.04316667,0.15298570000000003,0.12404289999999998,0.0,298.05,293.741428571,299.9,296.3,3.7,77.1514285714,25.6285714286,6.6428571428600005,30.0,21.1,8.8,12,0,1
2011,7,2011-02-19,0.1101,-0.09375,0.2440857,0.15022860000000002,0.0,298.211428571,294.098571429,300.0,296.8,2.44,77.9471428571,26.0,6.5,30.0,22.2,20.9,19,0,1
2011,8,2011-02-26,-0.04325,0.015975,0.2521857,0.15302860000000001,0.0,297.567142857,293.92,300.2,295.8,22.5,80.1685714286,25.2,6.25714285714,29.4,21.7,25.1,26,0,1
2011,9,2011-03-05,-0.03105,-0.0164,0.1585,0.17498329999999998,8.04,297.287142857,291.548571429,298.8,295.4,0.4,70.3257142857,24.785714285700003,5.7,28.3,21.1,1.0,5,0,1
2011,10,2011-03-12,-0.08743333,-0.09346667,0.29007140000000003,0.1417,10.56,297.26,292.582857143,299.3,295.7,4.4,75.22857142859999,25.157142857100002,6.67142857143,28.9,20.6,3.3,12,0,1
2011,11,2011-03-19,-0.16475,-0.0063,0.2117714,0.2136857,0.0,296.95,290.81857142900003,298.8,294.7,2.8,68.6885714286,24.9571428571,5.65714285714,28.3,21.1,2.1,19,0,1
2011,12,2011-03-26,0.1101,0.09122000000000001,0.2114714,0.15932860000000001,0.0,297.18,292.24714285700003,299.0,295.0,16.1,74.0228571429,25.1,6.54285714286,29.4,20.6,11.6,26,0,1
2011,13,2011-04-02,-0.0839,0.03255,0.1813286,0.1812,15.13,297.682857143,294.00285714299997,300.4,295.1,13.16,80.1414285714,25.714285714299997,7.1428571428600005,31.1,20.6,12.1,2,0,1
2011,14,2011-04-09,0.05416,0.07942,0.15614289999999997,0.1509571,1.9,298.52,294.791428571,300.6,296.8,6.9,80.08571428569999,27.0,7.8,32.8,21.7,4.6,9,0,1
2011,15,2011-04-16,0.073,0.06053333,0.17561429999999997,0.1548,0.0,298.291428571,293.414285714,300.4,296.8,0.7,74.3985714286,26.0,6.81428571429,30.6,21.7,6.8,16,0,1
2011,16,2011-04-23,0.1101,0.1077,0.2231286,0.2218,31.97,297.895714286,293.73571428599996,299.6,296.6,12.0,77.72428571430001,25.8714285714,5.92857142857,29.4,22.2,23.1,23,0,1
2011,17,2011-04-30,-0.07795,-0.2118,0.1421571,0.1457,2.95,298.297142857,293.551428571,300.4,296.7,3.7,74.99142857140001,26.514285714299998,6.27142857143,30.6,22.8,0.3,30,0,1
2011,18,2011-05-07,-0.04453333,-0.0261,0.1282333,0.10237139999999999,41.53,298.492857143,295.101428571,300.2,297.1,31.1,81.63,26.0857142857,5.07142857143,30.6,22.8,89.5,7,0,1
2011,19,2011-05-14,-0.06685,0.0039,0.1433286,0.13294289999999997,9.53,298.23571428599996,293.391428571,299.9,296.7,7.2,74.6028571429,26.0714285714,4.92857142857,29.4,22.8,0.0,14,0,1
2011,20,2011-05-21,0.1101,0.087875,0.1036833,0.09585714,72.74,298.067142857,295.245714286,300.5,295.5,301.4,84.4528571429,26.8,6.02857142857,32.8,21.1,40.4,21,0,1
2011,21,2011-05-28,0.06186667,0.076725,0.06075714,0.07672857,69.66,298.782857143,296.398571429,300.7,296.8,276.9,86.7814285714,25.9428571429,6.17142857143,30.0,20.6,84.3,28,0,1
2011,22,2011-06-04,0.05805,0.07835,0.1345286,0.11584289999999998,76.75,299.775714286,296.785714286,301.7,298.1,28.5,83.7085714286,27.4142857143,5.34285714286,30.6,23.9,61.3,4,0,1
2011,23,2011-06-11,0.0253,0.06476667,0.06235714,0.05914286,71.88,299.49857142900004,296.714285714,301.5,297.7,37.3,84.7085714286,26.5571428571,6.3,30.6,21.1,108.4,11,0,1
2011,24,2011-06-18,0.06785,0.09993333,0.16391429999999999,0.2054143,52.92,300.214285714,297.794285714,302.1,297.8,203.8,86.67857142860001,27.842857142899998,6.75714285714,33.9,22.8,200.6,18,0,1
2011,25,2011-06-25,0.0753,0.08775,0.24100000000000002,0.2038571,28.95,300.698571429,297.532857143,302.4,299.4,15.2,82.8971428571,28.214285714299997,6.57142857143,33.3,22.2,70.8,25,0,1
2011,26,2011-07-02,0.09443333,0.10244,0.1341714,0.1007286,75.82,300.641428571,297.31142857099996,302.5,299.4,13.6,82.08,28.3142857143,5.78571428571,33.3,22.8,6.4,2,0,1
2011,27,2011-07-09,0.00035,0.032139999999999995,0.1324857,0.1008429,70.37,300.13285714299997,297.242857143,301.8,298.3,28.7,84.2057142857,27.7428571429,5.8,32.2,23.9,33.0,9,0,1
2011,28,2011-07-16,0.1101,0.18825,0.2075714,0.1997,28.3,300.085714286,297.16,301.6,298.8,21.5,84.0614285714,28.1142857143,5.57142857143,31.7,23.3,25.0,16,0,1
2011,29,2011-07-23,0.1101,0.0829,0.1063857,0.13264289999999998,43.48,300.411428571,296.792857143,301.8,299.0,11.6,80.6385714286,27.5,7.05714285714,32.8,22.8,99.6,23,0,1
2011,30,2011-07-30,-0.0159,0.0503,0.16284289999999998,0.1579429,57.69,300.591428571,297.495714286,302.4,299.1,31.2,83.22857142859999,28.528571428600003,6.25714285714,32.8,25.0,48.2,30,0,1
2011,31,2011-08-06,-0.0132,0.051825,0.15941429999999998,0.1967,33.85,300.26,296.972857143,302.1,298.9,42.1,82.2571428571,27.8857142857,6.27142857143,31.1,23.9,80.3,6,0,1
2011,32,2011-08-13,0.1101,0.0887,0.2486,0.24652860000000001,85.88,300.608571429,297.68857142900004,302.6,298.5,22.5,84.1014285714,28.3142857143,5.17142857143,32.2,22.8,83.9,13,0,1
2011,33,2011-08-20,0.04,0.2155,0.2223571,0.1979,14.22,300.861428571,297.15,302.7,299.3,7.5,80.33428571430001,28.5714285714,6.6428571428600005,33.3,23.3,20.3,20,0,1
2011,34,2011-08-27,0.0994,0.0998,0.14548570000000002,0.14678570000000002,120.16,300.63285714299997,297.535714286,302.2,298.4,89.5,83.2857142857,28.2,5.7,32.8,24.4,205.8,27,0,1
2011,35,2011-09-03,-0.03925,0.000225,0.2394857,0.18928570000000003,93.06,300.672857143,297.31,302.3,299.0,5.9,82.03,27.6,6.514285714290001,33.3,22.8,153.1,3,0,1
2011,36,2011-09-10,0.1101,0.06483333,0.2003286,0.18358570000000002,28.09,300.854285714,296.835714286,302.4,299.5,9.3,78.7542857143,28.485714285700002,6.25714285714,33.3,24.4,33.3,10,0,1
2011,37,2011-09-17,0.1231,0.1106,0.18158329999999998,0.13806670000000001,19.72,301.098571429,297.242857143,302.6,299.4,34.1,79.66428571430001,28.8,5.61428571429,34.4,25.6,21.5,17,0,1
2011,38,2011-09-24,-0.00585,0.0351,0.15388570000000001,0.1245857,98.32,300.54571428599996,296.872857143,302.9,298.1,17.1,80.4257142857,26.8285714286,5.84285714286,32.2,22.8,29.0,24,0,1
2011,39,2011-10-01,-0.07495,0.1554333,0.32217140000000005,0.2573286,54.67,300.54571428599996,297.14,302.2,299.2,25.9,81.7557142857,27.9285714286,6.5,32.2,23.9,48.8,1,0,1
2011,40,2011-10-08,0.1027,0.1133,0.36732859999999995,0.2589286,27.9,300.92,297.167142857,303.2,299.3,1.9,80.1528571429,28.6142857143,6.72857142857,33.3,23.9,39.4,8,0,1
2011,41,2011-10-15,0.0313,0.04263333,0.1176714,0.10796669999999998,50.93,300.698571429,296.544285714,302.4,299.3,1.4,78.11,27.8857142857,6.6,32.8,23.3,32.5,15,0,1
2011,42,2011-10-22,-0.0216,-0.0404,0.18488570000000001,0.1574429,19.83,300.567142857,296.31857142900003,302.2,298.9,7.3,77.6971428571,27.842857142899998,7.32857142857,32.8,23.3,10.4,22,0,1
2011,43,2011-10-29,-0.0219,-0.0525,0.1477571,0.12425710000000001,6.38,300.341428571,295.611428571,302.5,298.6,6.9,75.4171428571,27.271428571399998,6.44285714286,31.1,23.3,58.0,29,0,1
2011,44,2011-11-05,0.0893,0.0436,0.2261167,0.1855714,4.75,300.397142857,296.717142857,302.4,298.7,8.1,80.4071428571,27.714285714299997,6.5,31.1,22.8,39.0,5,0,1
2011,45,2011-11-12,0.1903,0.07236667,0.2001167,0.07466667,98.53,300.237142857,296.217142857,302.4,298.6,6.0,78.6428571429,27.1857142857,7.085714285710001,32.8,22.8,15.2,12,0,1
2011,46,2011-11-19,-0.4634,-0.0331,0.1027857,0.0611,44.02,300.13428571400004,296.257142857,302.0,298.4,25.9,79.3842857143,27.1,6.28571428571,31.7,23.3,31.8,19,0,1
2011,47,2011-11-26,-0.02486667,0.0261,0.1853143,0.17918570000000003,0.0,299.417142857,295.785714286,300.7,297.7,60.0,80.5971428571,27.0857142857,5.15714285714,30.0,23.3,22.1,26,0,1
2011,48,2011-12-03,-0.1309333,0.0022,0.2177286,0.2201429,8.85,299.095714286,295.592857143,301.1,297.4,26.0,81.1885714286,26.3,5.31428571429,30.0,22.2,50.2,3,0,1
2011,49,2011-12-10,0.0886,-0.05363333,0.3307286,0.2199,5.54,298.9,294.268571429,300.3,297.7,5.3,75.6671428571,26.014285714299998,5.4,28.9,21.7,93.7,10,0,1
2011,50,2011-12-17,0.1101,0.14165,0.1836,0.1461571,169.34,298.717142857,295.172857143,300.2,297.6,70.8,80.9242857143,25.9142857143,5.21428571429,29.4,22.8,70.9,17,0,1
2011,51,2011-12-24,0.10286669999999999,0.0522,0.1072857,0.08585714,0.0,298.28,292.768571429,299.7,296.6,6.1,71.7171428571,25.5714285714,5.17142857143,28.9,22.2,27.0,24,0,1
2012,52,2012-01-01,0.1653,0.099025,0.152875,0.0815125,15.3,298.507142857,293.32428571400004,300.1,297.0,8.0,73.1871428571,25.8285714286,5.78571428571,29.4,22.2,48.1,1,0,1
2012,1,2012-01-08,0.02685,0.0642,0.2285143,0.1994,0.0,298.694285714,294.234285714,300.4,297.3,1.4,76.5171428571,26.2,6.11428571429,30.6,22.2,4.7,8,0,1
2012,2,2012-01-15,-0.1263667,0.01268,0.2306857,0.12415710000000002,0.0,298.20428571400004,294.26428571400004,300.2,296.9,10.7,78.8328571429,25.4142857143,6.24285714286,29.4,21.1,13.0,15,0,1
2012,3,2012-01-22,-0.06515,0.0226,0.15214,0.1840143,0.0,298.35,293.48571428599996,300.2,297.1,1.0,74.55,25.4428571429,6.0,29.4,21.7,6.4,22,0,1
2012,4,2012-01-29,0.31275,0.1132,0.1889857,0.18174289999999999,0.0,297.347142857,293.01,299.1,295.5,13.8,76.8942857143,24.8571428571,6.02857142857,28.3,20.6,27.5,29,0,1
2012,5,2012-02-05,-0.1114,0.0191,0.14175710000000002,0.13231429999999997,0.0,297.404285714,292.805714286,299.3,296.0,7.9,75.6385714286,24.8285714286,5.78571428571,28.3,21.1,32.2,5,0,1
2012,6,2012-02-12,-0.0469,0.054000000000000006,0.255,0.16908570000000003,7.02,297.567142857,293.488571429,299.5,296.2,7.8,78.1057142857,24.9,5.8,28.3,21.1,25.5,12,0,1
2012,7,2012-02-19,-0.0006333333,-0.1169333,0.15365710000000002,0.1449,0.0,297.932857143,293.61857142900004,300.1,296.5,1.9,76.9671428571,25.6428571429,6.82857142857,31.1,21.7,12.5,19,0,1
2012,8,2012-02-26,-0.0569,0.156225,0.3853833,0.30625,0.0,297.224285714,293.17714285700004,299.6,295.8,24.5,78.2257142857,24.8857142857,5.6428571428600005,28.3,20.6,8.2,26,0,1
2012,9,2012-03-04,-0.01215,0.00042,0.1655429,0.16327139999999998,0.0,298.032857143,293.374285714,300.0,296.6,2.8,75.4257142857,26.1428571429,6.24285714286,30.0,21.7,5.8,4,0,1
2012,10,2012-03-11,0.0065,0.028225,0.2108714,0.14604289999999998,12.06,297.81142857099996,293.79571428599996,299.9,295.4,8.0,78.5142857143,25.9,6.72857142857,30.6,21.7,9.8,11,0,1
2012,11,2012-03-18,-0.0854,0.0586,0.233,0.1981143,9.11,297.701428571,293.284285714,299.6,295.9,15.5,76.5314285714,25.6285714286,6.1,29.4,22.2,16.0,18,0,1
2012,12,2012-03-25,0.1101,-0.085,0.07594286,0.0711,84.44,297.685714286,292.761428571,299.7,295.6,3.2,74.1528571429,26.0428571429,6.9,30.6,22.2,0.6,25,0,1
2012,13,2012-04-01,0.0902,0.0212,0.11314289999999999,0.09855714,93.61,297.075714286,293.832857143,299.8,295.4,71.6,82.22428571430001,25.728571428600002,6.1,30.0,22.2,134.9,1,0,1
2012,14,2012-04-08,-0.0487,0.03106667,0.1584429,0.1257286,59.89,297.93142857099997,294.66,300.7,295.4,35.7,82.1228571429,26.285714285700003,6.81428571429,32.2,22.2,75.2,8,0,1
2012,15,2012-04-15,0.0576,-0.02305,0.10943330000000001,0.0852,19.2,298.638571429,294.6,300.7,297.0,8.3,78.44,26.9,5.94285714286,32.2,23.3,12.4,15,0,1
2012,16,2012-04-22,0.1528,0.2424,0.24546669999999998,0.2488,26.2,298.2,294.387142857,300.5,295.8,49.7,79.51,26.528571428600003,6.42857142857,33.3,22.8,84.1,22,0,1
2012,17,2012-04-29,0.014975,-0.0036200000000000004,0.1908571,0.1396,2.49,298.012857143,293.171428571,301.0,295.4,1.1,74.7571428571,26.4285714286,6.3571428571399995,32.8,21.7,17.5,29,0,1
2012,18,2012-05-06,-0.0201,0.0003,0.08328333,0.07257143,5.79,298.964285714,295.47,301.2,297.3,16.0,81.16428571430001,27.842857142899998,6.2,33.3,23.9,20.6,6,0,1
2012,19,2012-05-13,0.1338667,0.1546,0.14865710000000001,0.14661429999999998,46.85,298.421428571,295.051428571,300.2,297.0,23.92,81.6814285714,26.514285714299998,5.38571428571,30.0,22.8,72.0,13,0,1
2012,20,2012-05-20,-0.1709,-0.0351,0.09203333,0.06088333,45.91,299.447142857,296.38285714299997,301.5,297.8,2.5,83.3428571429,27.7571428571,5.65714285714,31.7,23.9,17.8,20,0,1
2012,21,2012-05-27,0.17235,0.06846667,0.1877714,0.1193286,25.74,299.125714286,296.172857143,301.0,297.3,13.7,83.8428571429,27.514285714299998,5.985714285709999,31.7,23.9,34.6,27,0,1
2012,22,2012-06-03,-0.0268,0.02413333,0.1911286,0.15267139999999998,0.64,299.47571428599997,295.035714286,301.4,297.6,3.8,76.7428571429,27.5571428571,6.37142857143,31.7,23.9,6.4,3,0,1
2012,23,2012-06-10,0.0355,0.0118,0.2532857,0.20305710000000002,6.44,300.437142857,296.354285714,302.5,298.5,0.1,78.6271428571,29.2,7.2,33.9,24.4,3.6,10,0,1
2012,24,2012-06-17,0.1101,0.0373,0.1486833,0.1225,4.51,300.778571429,296.161428571,302.9,298.2,0.0,76.05142857140001,29.5857142857,7.3571428571399995,33.9,25.0,0.0,17,0,1
2012,25,2012-06-24,0.1101,0.0462,0.20587139999999998,0.17131429999999997,31.52,300.88428571400004,296.49714285700003,303.1,299.0,1.2,77.1342857143,30.0,7.27142857143,35.0,26.1,0.6,24,0,1
2012,26,2012-07-01,0.1101,0.01193333,0.1523,0.14985710000000002,0.0,300.87,296.68857142900004,303.1,299.3,4.5,78.0614285714,30.271428571399998,7.585714285710001,35.0,25.6,3.1,1,0,1
2012,27,2012-07-08,-0.0059,0.0495,0.1681571,0.12645710000000002,6.15,300.647142857,296.544285714,303.0,299.0,12.6,78.3971428571,29.5428571429,7.27142857143,33.9,25.0,11.0,8,0,1
2012,28,2012-07-15,-0.00425,0.06515,0.1304714,0.1351143,58.48,300.288571429,296.641428571,302.2,298.8,21.0,80.54,28.4571428571,6.42857142857,32.8,23.3,52.0,15,0,1
2012,29,2012-07-22,0.1101,-0.04336667,0.11406,0.1218,17.72,300.58,296.862857143,302.7,298.8,5.0,80.30571428569999,29.0428571429,5.47142857143,32.8,25.6,13.2,22,0,1
2012,30,2012-07-29,-0.09,-0.09856667,0.15447139999999998,0.09651429,22.19,300.465714286,297.145714286,302.1,298.7,20.6,82.1842857143,28.6285714286,5.45714285714,32.8,25.0,49.4,29,0,1
2012,31,2012-08-05,0.0859,0.0095,0.16885,0.1110167,11.16,300.801428571,296.697142857,302.6,299.1,16.0,78.4185714286,28.985714285700002,5.55714285714,32.8,25.0,8.7,5,0,1
2012,32,2012-08-12,0.1101,0.0589,0.19744289999999998,0.1661571,62.2,300.474285714,297.047142857,302.2,299.1,50.7,81.6514285714,28.514285714299998,5.4,32.8,24.4,50.1,12,0,1
2012,33,2012-08-19,0.0777,-0.01435,0.07313333,0.08764286,55.64,300.9,297.337142857,302.7,299.5,15.9,80.9828571429,28.6285714286,6.94285714286,33.9,23.3,69.6,19,0,1
2012,34,2012-08-26,0.0345,0.04453333,0.09677143,0.09642857,28.97,300.95,297.095714286,302.8,299.4,7.3,79.63142857140001,29.1142857143,5.61428571429,33.3,25.6,26.9,26,0,1
2012,35,2012-09-02,0.2705,-0.08693333,0.1975,0.1766714,76.41,300.325714286,296.73571428599996,302.3,298.4,57.4,80.8628571429,28.014285714299998,6.02857142857,32.2,23.9,80.2,2,0,1
2012,36,2012-09-09,0.0011,0.0801,0.3029571,0.2067857,2.13,300.695714286,296.488571429,302.7,299.3,1.8,77.8028571429,28.771428571399998,5.7,32.2,25.6,3.1,9,0,1
2012,37,2012-09-16,0.16795,0.09135,0.2188286,0.2360429,1.26,301.065714286,296.217142857,303.1,299.1,1.3,75.0728571429,29.5428571429,6.58571428571,33.3,25.6,0.0,16,0,1
2012,38,2012-09-23,0.2986,0.033,0.2189286,0.2298,15.09,301.06857142900003,296.357142857,302.9,299.5,1.4,75.5814285714,29.6714285714,6.74285714286,33.3,26.1,5.6,23,0,1
2012,39,2012-09-30,-0.0076,0.0052,0.16935,0.11505710000000001,25.17,301.39428571400003,296.86,303.0,299.7,2.7,76.5385714286,29.728571428600002,6.6428571428600005,33.9,25.6,5.4,30,0,1
2012,40,2012-10-07,0.1101,0.1445,0.24151430000000002,0.1779429,53.04,301.022857143,296.801428571,303.0,299.6,4.8,77.8914285714,28.9428571429,6.9,33.3,24.4,42.6,7,0,1
2012,41,2012-10-14,0.0937,0.0872,0.16171670000000002,0.1427143,18.78,300.768571429,296.275714286,302.8,299.1,13.3,76.6457142857,28.6428571429,6.22857142857,32.2,25.0,17.3,14,0,1
2012,42,2012-10-21,0.1101,0.07615,0.1523714,0.1075714,31.75,300.678571429,297.31142857099996,302.4,299.2,42.1,81.9,28.528571428600003,6.3571428571399995,33.9,23.3,32.5,21,0,1
2012,43,2012-10-28,-0.051,0.06735,0.14088570000000003,0.1261143,29.62,300.734285714,296.81857142900003,302.5,299.1,10.4,79.3171428571,28.6142857143,6.9,33.3,24.4,49.8,28,0,1
2012,44,2012-11-04,-0.06705,-0.07655,0.14244289999999998,0.08971429,46.91,300.911428571,296.905714286,303.6,299.4,3.6,78.94142857140001,29.4,7.285714285710001,34.4,24.4,19.3,4,0,1
2012,45,2012-11-11,0.1101,0.0887,0.19495,0.18647139999999998,12.28,300.62142857099997,296.41571428599997,302.8,299.4,8.3,77.83428571430001,28.6714285714,6.02857142857,33.3,25.0,1.5,11,0,1
2012,46,2012-11-18,-0.1022,0.07423333,0.13271670000000002,0.162,26.44,300.301428571,296.207142857,302.5,298.3,49.1,78.4885714286,28.514285714299998,6.34285714286,32.8,24.4,3.1,18,0,1
2012,47,2012-11-25,0.1046,0.0023,0.0062,-0.01467143,27.82,300.22571428599997,296.538571429,302.0,298.9,12.0,80.3028571429,27.9142857143,5.88571428571,31.1,24.4,14.2,25,0,1
2012,48,2012-12-02,-0.16876670000000002,-0.03216667,0.2129857,0.1879286,26.6,299.762857143,295.638571429,302.0,298.0,21.7,78.2214285714,27.6142857143,5.74285714286,31.1,23.9,46.6,2,0,1
2012,49,2012-12-09,0.1101,0.0163,0.1902429,0.1598571,3.08,299.331428571,295.24714285700003,301.4,297.5,16.2,78.3071428571,27.1428571429,5.88571428571,31.1,23.3,58.9,9,0,1
2012,50,2012-12-16,-0.364,-0.1429,0.06725714,0.06585714,34.66,299.15,294.357142857,300.9,297.1,19.3,75.0814285714,27.0857142857,6.3,32.2,22.8,9.8,16,0,1
2012,51,2012-12-23,-0.1163,-0.09245,0.07767143,0.05647143,0.0,298.757142857,294.041428571,300.9,296.8,8.9,75.3257142857,26.2428571429,5.7,30.6,21.7,26.4,23,0,1
2013,1,2013-01-01,-0.3098,-0.11205,0.1436714,0.14081429999999998,31.83,298.29571428599996,294.69285714299997,300.3,296.0,15.8,80.5528571429,26.9428571429,6.58571428571,31.1,21.7,22.7,1,0,1
2013,2,2013-01-08,0.02015,0.0661,0.11563330000000001,0.11824289999999998,0.0,298.798571429,293.987142857,300.6,297.3,2.7,74.9528571429,26.0857142857,5.22857142857,29.4,22.2,8.7,8,0,1
2013,3,2013-01-15,-0.2749,-0.0832,0.1235714,0.1298571,0.0,298.007142857,292.921428571,299.8,295.8,8.5,73.4928571429,25.6,5.5,28.9,21.1,17.2,15,0,1
2013,4,2013-01-22,-0.0714,-0.01942,0.20514290000000002,0.1898571,0.0,297.622857143,293.034285714,299.9,295.8,8.3,75.6685714286,25.1428571429,5.71428571429,28.9,21.7,6.4,22,0,1
2013,5,2013-01-29,0.2359,0.11699999999999999,0.1545,0.1411429,0.0,298.155714286,294.041428571,300.6,296.7,7.7,78.1,26.1285714286,6.27142857143,30.0,22.2,6.1,29,0,1
2013,6,2013-02-05,0.0082,0.02113333,0.18005,0.06411667,0.0,297.65,293.052857143,299.7,296.0,15.1,75.9385714286,25.3,6.31428571429,29.4,20.6,26.4,5,0,1
2013,7,2013-02-12,0.1198,0.07885,0.27037140000000004,0.1865,0.0,297.914285714,292.908571429,300.0,296.1,7.6,73.8728571429,25.3285714286,6.58571428571,30.0,21.1,34.8,12,0,1
2013,8,2013-02-19,-0.0518,-0.025025,0.20972860000000002,0.18701429999999997,0.0,298.035714286,292.805714286,300.4,296.2,0.3,72.7942857143,25.6285714286,6.97142857143,31.1,21.1,0.3,19,0,1
2013,9,2013-02-26,-0.006125,0.007633333000000001,0.12803330000000002,0.13488329999999998,0.0,298.088571429,293.092857143,300.1,296.4,1.5,73.9171428571,25.8,6.58571428571,30.0,22.2,4.1,26,0,1
2013,10,2013-03-05,0.1101,-0.0136,0.03192857,0.0005,23.06,298.19142857099996,292.972857143,300.7,295.9,4.6,73.0371428571,26.6714285714,8.4,32.8,21.7,6.6,5,0,1
2013,11,2013-03-12,0.008,0.054875,0.2443286,0.2219429,0.0,297.157142857,291.86857142900004,300.2,295.2,13.5,72.5628571429,25.3571428571,5.47142857143,30.0,21.7,17.1,12,0,1
2013,12,2013-03-19,-0.04515,0.006225,0.10751430000000001,0.1167,0.0,297.288571429,290.987142857,299.5,295.3,4.8,68.1814285714,25.842857142899998,6.47142857143,29.4,21.7,4.8,19,0,1
2013,13,2013-03-26,-0.0874,-0.01618333,0.15634289999999998,0.1051857,30.34,298.67,294.67571428599996,301.3,296.4,2.55,78.78,27.5428571429,7.94285714286,33.9,22.8,3.5,26,0,1
2013,14,2013-04-02,-0.20325,-0.07783333,0.2041714,0.17891429999999997,6.55,298.035714286,294.62857142900003,301.5,295.9,64.3,81.65,26.6428571429,6.6428571428600005,33.3,22.8,17.6,2,0,1
2013,15,2013-04-09,-0.1176,-0.0082,0.1927,0.1704286,0.0,299.05714285700003,294.948571429,301.5,297.5,0.7,78.2857142857,27.9142857143,8.114285714289998,32.8,23.3,9.4,9,0,1
2013,16,2013-04-16,0.08275,0.0312,0.13501429999999998,0.07485714,0.0,298.912857143,294.678571429,300.9,297.3,1.4,77.6742857143,27.728571428600002,6.94285714286,31.7,23.9,22.9,16,0,1
2013,17,2013-04-23,-0.0873,-0.04866667,0.1298143,0.1176714,45.47,298.067142857,294.13285714299997,300.2,296.6,19.9,79.0457142857,26.4428571429,6.74285714286,31.1,21.7,47.5,23,0,1
2010,26,2010-07-02,0.18378329999999998,0.1425,0.2251286,0.15021429999999997,82.29,297.648571429,296.11857142900004,307.9,293.7,34.11,92.5814285714,27.44,10.76,33.8,21.5,11.2,2,1,0
2010,27,2010-07-09,0.2916571,0.2722667,0.3307,0.3209143,25.3,298.224285714,294.831428571,307.7,292.2,9.1,83.88571428569999,27.025,9.625,33.0,21.2,8.9,9,1,0
2010,28,2010-07-16,0.2085429,0.3664571,0.2126286,0.2555143,62.14,297.955714286,296.417142857,306.4,292.5,61.09,92.05714285709999,26.95,10.35,33.4,21.6,22.6,16,1,0
2010,29,2010-07-23,0.08928571,0.06321429,0.12205710000000002,0.08195714,47.8,295.715714286,293.638571429,306.4,289.3,19.6,88.97,26.9,9.7,33.3,14.2,4.8,23,1,0
2010,30,2010-07-30,0.3061,0.3276833,0.2500857,0.2679143,56.3,298.50285714299997,293.892857143,308.1,290.5,18.93,78.61,27.05,11.85,33.5,16.9,3.0,30,1,0
2010,31,2010-08-06,0.34202,0.3048571,0.3323571,0.34572859999999994,16.95,298.611428571,295.065714286,309.7,293.4,32.92,83.2742857143,27.7,12.6,34.0,20.0,92.2,6,1,0
2010,32,2010-08-13,0.3322167,0.3848167,0.3566,0.3539167,9.88,298.305714286,292.085714286,309.3,292.2,10.5,72.4714285714,26.4333333333,12.0333333333,34.2,18.5,0.0,13,1,0
2010,33,2010-08-20,0.2218143,0.2241,0.2730857,0.2312429,15.76,298.724285714,294.812857143,309.2,293.2,20.3,81.5571428571,27.275,11.375,34.0,21.0,20.3,20,1,0
2010,34,2010-08-27,0.3190429,0.3158714,0.3267,0.3440571,7.82,299.914285714,292.69142857099996,311.1,292.3,14.21,68.6157142857,27.4,13.1,34.7,20.0,23.6,27,1,0
2010,35,2010-09-03,0.3420143,0.30192859999999994,0.3147,0.381,59.06,300.224285714,295.2,310.6,294.1,41.1,77.2028571429,28.175,13.2,36.2,21.0,8.5,3,1,0
2010,36,2010-09-10,0.11658330000000001,0.1002833,0.14068329999999998,0.11381669999999999,37.9,298.50142857099996,295.641428571,309.0,292.8,50.0,85.69142857140001,27.1,11.166666666700001,35.4,21.0,15.0,10,1,0
2010,37,2010-09-17,0.25916669999999997,0.26732,0.2123286,0.3265429,16.86,299.948571429,294.56,311.8,293.7,17.7,75.27,28.225,13.175,35.2,21.0,4.1,17,1,0
2010,38,2010-09-24,0.3062143,0.2635857,0.3215429,0.37917140000000005,46.96,298.70428571400004,295.687142857,309.2,293.7,156.0,85.72,28.866666666700002,13.066666666700002,36.2,19.1,26.9,24,1,0
2010,39,2010-10-01,0.3867857,0.3726286,0.3796143,0.3973571,28.63,300.064285714,294.244285714,311.5,293.3,13.16,73.5128571429,28.4,12.666666666700001,35.8,21.2,1.5,1,1,0
2010,40,2010-10-08,0.30415,0.3368667,0.25388330000000003,0.3275333,26.29,301.935714286,294.082857143,314.1,294.8,249.4,66.31,29.08,14.38,38.4,20.5,14.1,8,1,0
2010,41,2010-10-15,0.3290429,0.2942714,0.3070286,0.3938143,33.49,299.8,295.312857143,310.7,293.5,28.5,79.7628571429,28.65,12.5,35.7,19.8,25.9,15,1,0
2010,42,2010-10-22,0.2441286,0.19288329999999998,0.2322286,0.2819286,34.93,298.857142857,296.178571429,311.4,293.8,141.6,87.75285714290001,27.8,13.5,35.0,19.8,8.1,22,1,0
2010,43,2010-10-29,0.2396,0.2375286,0.1940714,0.2292,47.9,299.341428571,296.84,309.6,294.5,75.1,87.80285714290001,29.133333333299998,11.8666666667,36.0,21.2,4.0,29,1,0
2010,44,2010-11-05,0.28402859999999996,0.3218429,0.2682429,0.1984286,47.11,299.597142857,297.718571429,310.4,296.0,85.3,90.64,28.48,13.3,36.0,21.2,46.0,5,1,0
2010,45,2010-11-12,0.3561857,0.3933286,0.2812,0.39092859999999996,65.8,299.57285714299996,296.244285714,311.7,291.9,229.6,84.38571428569999,28.8,14.725,37.4,20.0,35.8,12,1,0
2010,46,2010-11-19,0.1918714,0.23265709999999998,0.2561857,0.1838714,62.56,298.30714285700003,296.478571429,309.8,293.5,143.1,91.34285714290002,27.35,11.825,35.1,20.5,41.1,19,1,0
2010,47,2010-11-26,0.3294714,0.38752859999999995,0.3104,0.2884857,43.51,298.212857143,297.012857143,305.8,294.6,69.53,93.40714285709998,27.35,12.35,34.4,20.5,40.2,26,1,0
2010,48,2010-12-03,0.1851,0.1840714,0.09825714,0.25265709999999997,42.7,299.87857142900003,296.624285714,309.7,295.4,58.43,85.2885714286,28.65,12.55,36.2,20.9,17.0,3,1,0
2010,49,2010-12-10,0.2064857,0.2436286,0.22962860000000002,0.2305571,102.94,298.508571429,297.198571429,308.3,295.3,116.57,93.84142857139999,27.08,10.32,34.6,21.4,29.2,10,1,0
2010,50,2010-12-17,0.3063571,0.2906714,0.33787140000000004,0.3118143,26.86,298.977142857,296.377142857,307.1,295.1,34.23,86.9057142857,28.7666666667,13.5333333333,36.2,21.8,9.2,17,1,0
2010,51,2010-12-24,0.24781430000000002,0.1746,0.2196571,0.2418286,39.13,299.08,294.8,308.6,294.4,19.83,79.94857142859999,28.0666666667,13.9666666667,36.2,20.5,7.1,24,1,0
2011,52,2011-01-01,0.2775,0.3043667,0.2356556,0.2894333,43.67,296.571428571,295.94,303.8,294.2,222.0,96.6271428571,26.9,8.6,33.2,22.0,54.7,1,1,0
2011,1,2011-01-08,0.3677429,0.3201429,0.31277140000000003,0.38825709999999997,10.08,298.875714286,294.698571429,306.9,293.2,44.87,80.4528571429,27.85,12.35,36.0,21.2,0.0,8,1,0
2011,2,2011-01-15,0.2194429,0.2352833,0.2000286,0.2779857,48.87,298.168571429,296.037142857,306.6,295.0,134.5,89.6757142857,27.8333333333,10.8,34.4,21.5,33.0,15,1,0
2011,3,2011-01-22,0.2611286,0.2940286,0.2393286,0.3210571,51.12,298.012857143,295.991428571,308.8,292.4,28.9,90.4542857143,27.633333333299998,10.4666666667,34.1,21.0,40.9,22,1,0
2011,4,2011-01-29,0.2402,0.2538286,0.20922860000000001,0.22984290000000002,53.22,298.424285714,294.29,306.8,293.1,9.4,80.1285714286,27.45,11.4,35.0,21.2,9.9,29,1,0
2011,5,2011-02-05,0.17242860000000002,0.1657857,0.19282860000000002,0.1904,50.2,297.481428571,295.76428571400004,306.3,291.9,98.7,91.44,28.0,11.4,34.0,20.5,34.3,5,1,0
2011,6,2011-02-12,0.3101429,0.2193286,0.1789571,0.3013429,43.54,298.025714286,296.27,306.1,292.3,62.8,91.3385714286,27.0,11.05,33.0,21.0,0.5,12,1,0
2011,7,2011-02-19,0.28764290000000003,0.2826143,0.2644571,0.34597140000000004,60.97,297.587142857,296.56,306.4,294.3,280.42,94.5785714286,27.4333333333,11.5333333333,33.6,21.0,41.2,19,1,0
2011,8,2011-02-26,0.16657139999999998,0.1742714,0.1805,0.1536429,76.73,297.75142857099996,296.784285714,305.5,292.6,45.9,94.8542857143,27.95,10.8,34.2,21.0,9.0,26,1,0
2011,9,2011-03-05,0.21601669999999998,0.2520333,0.21091669999999998,0.30201669999999997,42.18,297.56142857099996,296.87857142900003,304.4,294.6,126.8,96.38285714290001,27.4666666667,11.566666666700002,34.2,20.5,13.3,5,1,0
2011,10,2011-03-12,0.2821,0.2399143,0.2339,0.3507,101.98,297.341428571,296.24714285700003,304.4,293.4,87.4,94.4485714286,26.7,9.166666666669999,33.4,21.4,22.0,12,1,0
2011,11,2011-03-19,0.3512429,0.3383286,0.3577857,0.3826429,49.58,297.991428571,296.22,305.5,293.2,54.1,91.1857142857,27.0,10.75,35.0,21.2,1.8,19,1,0
2011,12,2011-03-26,0.13825710000000002,0.15471429999999997,0.1428286,0.19308570000000003,71.69,297.602857143,296.712857143,305.8,294.2,73.7,95.4257142857,27.7571428571,10.857142857100001,35.2,21.0,44.9,26,1,0
2011,13,2011-04-02,0.2292,0.2304,0.1851286,0.2082857,54.37,297.55,296.714285714,305.5,293.5,67.28,95.56,26.9,10.5666666667,33.0,21.4,5.4,2,1,0
2011,14,2011-04-09,0.3128143,0.31917140000000005,0.3774571,0.3847857,72.16,298.044285714,296.971428571,305.5,293.5,82.1,94.5657142857,27.9,9.7,34.2,20.6,47.0,9,1,0
2011,15,2011-04-16,0.2731833,0.3287,0.2243571,0.3501714,64.17,296.652857143,296.205714286,303.9,293.4,81.2,97.59857142860001,26.1,9.2,33.4,21.2,48.8,16,1,0
2011,16,2011-04-23,0.22155709999999998,0.2313714,0.1462571,0.1660429,112.69,296.714285714,296.19285714299997,303.5,293.5,101.0,97.3,27.15,9.25,34.4,21.8,8.1,23,1,0
2011,17,2011-04-30,0.2891,0.35406,0.1965571,0.2656857,89.33,297.277142857,296.77,305.2,292.8,97.2,97.3014285714,28.1,10.2,33.2,22.3,24.0,30,1,0
2011,18,2011-05-07,0.2470143,0.27737140000000005,0.2767571,0.2252857,111.09,297.55,297.08428571400003,303.7,293.9,101.6,97.48142857139999,27.425,10.1,33.2,21.2,17.5,7,1,0
2011,19,2011-05-14,0.2356143,0.36116,0.2586286,0.3281,53.29,295.50285714299997,294.28,304.7,291.9,42.6,93.8528571429,26.3,8.55,30.8,21.5,39.3,14,1,0
2011,20,2011-05-21,0.1068857,0.10865710000000002,0.12764289999999998,0.1072857,135.1,296.158571429,295.59,304.5,291.6,69.5,96.9114285714,27.0,8.26666666667,32.6,22.5,18.0,21,1,0
2011,21,2011-05-28,0.2827571,0.21217139999999998,0.2726429,0.3207,105.13,297.54,295.93142857099997,307.6,292.2,35.9,92.12857142860001,27.48333333335,6.6428571428600005,33.2,22.2,38.1,28,1,0
2011,22,2011-06-04,0.1145857,0.13027139999999998,0.14248570000000002,0.2094857,28.1,296.657142857,295.432857143,304.7,292.9,36.5,93.81,27.48333333335,6.6428571428600005,33.4,22.2,23.4,4,1,0
2011,23,2011-06-11,0.2767571,0.2575857,0.18265710000000002,0.3158571,152.32,295.778571429,294.741428571,306.6,291.7,36.7,94.9485714286,27.48333333335,6.6428571428600005,31.4,22.2,27.2,11,1,0
2011,24,2011-06-18,0.33931999999999995,0.26411999999999997,0.3501,0.3288,54.27,297.388571429,295.304285714,308.3,291.6,178.1,90.09,27.48333333335,6.6428571428600005,33.6,22.2,4.1,18,1,0
2011,25,2011-06-25,0.1635429,0.2133143,0.19995710000000003,0.2143286,59.54,294.554285714,293.484285714,304.2,290.5,44.7,94.75,27.48333333335,6.6428571428600005,32.2,22.2,35.8,25,1,0
2011,26,2011-07-02,0.17824289999999998,0.1938714,0.2064714,0.17681429999999998,42.4,296.185714286,294.762857143,304.9,290.4,64.2,92.5014285714,27.48333333335,6.6428571428600005,33.2,22.2,9.6,2,1,0
2011,27,2011-07-09,0.13975710000000002,0.13925,0.11599999999999999,0.18485710000000002,31.44,295.551428571,294.848571429,304.7,291.3,54.0,96.4942857143,27.48333333335,6.6428571428600005,29.6,22.2,17.2,9,1,0
2011,28,2011-07-16,0.3302,0.3348429,0.3249571,0.3198429,19.52,295.554285714,293.25142857099996,305.5,290.6,25.7,88.7785714286,27.48333333335,6.6428571428600005,31.8,19.5,21.1,16,1,0
2011,29,2011-07-23,0.27787140000000005,0.2915143,0.2991143,0.3904714,70.29,297.205714286,294.161428571,306.6,290.9,24.8,85.5657142857,26.85,11.7,34.0,20.6,16.3,23,1,0
2011,30,2011-07-30,0.2031571,0.19227139999999998,0.2074,0.2488833,105.88,296.48571428599996,294.448571429,304.5,291.3,19.6,90.07142857139999,26.7333333333,10.633333333300001,33.0,21.0,38.8,30,1,0
2011,31,2011-08-06,0.38127140000000004,0.3726833,0.3742429,0.46435709999999997,14.96,296.798571429,293.864285714,306.6,291.1,27.3,86.08285714290001,27.4333333333,11.6,33.4,20.8,5.1,6,1,0
2011,32,2011-08-13,0.3229143,0.3349429,0.29347140000000005,0.3355,7.3,297.45428571400004,294.522857143,307.9,290.9,79.9,86.3557142857,27.02,11.56,34.2,20.4,23.6,13,1,0
2011,33,2011-08-20,0.28664290000000003,0.2679667,0.2945571,0.3465429,24.95,297.928571429,292.11,308.3,291.6,10.4,73.6757142857,27.85,11.95,34.8,21.2,11.2,20,1,0
2011,34,2011-08-27,0.3120857,0.2748,0.2536,0.29445709999999997,24.3,297.93857142900004,293.695714286,308.4,291.8,24.3,80.4857142857,28.75,12.15,35.2,17.4,23.9,27,1,0
2011,35,2011-09-03,0.3227286,0.3295429,0.2857571,0.34328569999999997,30.18,298.15,293.241428571,309.0,290.9,14.4,77.5371428571,28.1,12.2,34.2,17.8,25.1,3,1,0
2011,36,2011-09-10,0.272,0.2638,0.26961430000000003,0.2356143,23.04,297.72,293.715714286,309.8,291.8,11.4,80.79,27.8,12.2333333333,34.8,21.6,12.9,10,1,0
2011,37,2011-09-17,0.16962860000000002,0.1409,0.1158,0.1237857,60.78,298.62857142900003,294.987142857,309.7,292.4,64.5,82.58428571430001,27.5333333333,11.3666666667,34.4,21.5,66.0,17,1,0
2011,38,2011-09-24,0.42998569999999997,0.4121571,0.27812859999999995,0.4019429,56.19,297.778571429,295.05,308.9,291.7,107.8,87.59,27.65,10.65,33.8,21.4,29.0,24,1,0
2011,39,2011-10-01,0.3460143,0.28427140000000006,0.3458143,0.3687,55.53,298.015714286,295.832857143,307.3,292.0,90.9,89.44285714290001,26.8,7.3,33.3,22.2,29.0,1,1,0
2011,40,2011-10-08,0.3865,0.30827140000000003,0.4066143,0.3867429,62.22,297.098571429,295.755714286,306.7,291.9,47.5,93.28,27.525,11.0,34.2,21.1,38.8,8,1,0
2011,41,2011-10-15,0.2673,0.2528143,0.2181429,0.2967,43.29,298.13,296.34,308.8,293.0,52.3,91.2657142857,27.75,10.6,33.7,21.4,36.8,15,1,0
2011,42,2011-10-22,0.2488,0.2852857,0.2442571,0.2892143,51.74,299.761428571,296.897142857,308.8,295.5,35.7,86.1985714286,28.975,10.9,34.7,22.8,10.2,22,1,0
2011,43,2011-10-29,0.4231714,0.4198429,0.4419143,0.4397571,36.09,298.027142857,296.23571428599996,307.3,292.2,130.0,90.9985714286,27.2333333333,11.5,34.2,21.2,61.7,29,1,0
2011,44,2011-11-05,0.4194,0.3701571,0.3908143,0.3687571,25.73,298.482857143,296.044285714,308.4,291.3,51.2,88.5042857143,28.75,12.45,35.5,21.4,43.2,5,1,0
2011,45,2011-11-12,0.27527140000000005,0.2726571,0.2768429,0.2208429,61.75,298.58428571400003,296.392857143,309.5,292.7,69.0,89.7214285714,28.8,12.0,35.2,21.2,9.1,12,1,0
2011,46,2011-11-19,0.17292860000000002,0.2871167,0.19008570000000002,0.2068429,64.85,297.92571428599996,296.64428571400003,305.2,294.0,243.6,93.3114285714,27.6,10.8666666667,33.8,21.1,27.5,19,1,0
2011,47,2011-11-26,0.31111669999999997,0.34600000000000003,0.3280429,0.2765143,75.37,298.18142857099997,296.66,308.2,294.5,59.9,92.7,27.375,11.175,34.2,20.7,92.0,26,1,0
2011,48,2011-12-03,0.3528857,0.33753330000000004,0.31851430000000003,0.3172,61.58,298.792857143,296.471428571,307.6,294.2,40.0,88.88285714290001,28.45,11.675,35.1,22.0,11.9,3,1,0
2011,49,2011-12-10,0.2277143,0.2261714,0.2731857,0.23642860000000002,72.47,298.23571428599996,296.592857143,306.0,294.3,50.2,91.95285714290002,28.3,9.7,34.2,21.8,6.4,10,1,0
2011,50,2011-12-17,0.2814857,0.2953,0.215,0.3746857,50.22,297.56142857099996,296.428571429,303.6,292.7,89.5,94.2557142857,27.2,11.1,33.3,21.7,23.1,17,1,0
2011,51,2011-12-24,0.3317,0.3049,0.28745,0.2900143,104.91,297.221428571,296.375714286,304.9,293.0,172.0,95.78,27.7,9.96666666667,33.8,22.5,47.2,24,1,0
2012,52,2012-01-01,0.1926,0.2411,0.2246625,0.18485,83.53,298.224285714,296.87,305.5,294.0,120.4,93.2642857143,28.5,11.0,34.0,22.2,57.2,1,1,0
2012,1,2012-01-08,0.2208857,0.2357286,0.2602714,0.3218143,55.26,296.638571429,296.13428571400004,303.1,293.8,140.8,97.4357142857,27.48333333335,6.6428571428600005,32.8,22.6,35.3,8,1,0
2012,2,2012-01-15,0.2321571,0.2176143,0.2224143,0.2433857,73.85,296.97,296.29571428599996,304.6,292.7,116.8,96.44285714290001,27.45,9.25,33.1,22.2,14.7,15,1,0
2012,3,2012-01-22,0.19925710000000002,0.2649571,0.2363,0.2097571,139.06,296.912857143,295.951428571,306.3,293.2,99.8,95.2585714286,27.5333333333,10.0,33.0,20.8,132.3,22,1,0
2012,4,2012-01-29,0.3079857,0.2530286,0.34325,0.3178857,69.24,297.39,295.48571428599996,306.3,292.1,46.0,90.56285714290001,27.0333333333,10.0333333333,32.8,21.4,51.1,29,1,0
2012,5,2012-02-05,0.10995,0.16627139999999999,0.2246429,0.2218857,56.99,297.435714286,296.43857142900004,305.3,292.3,65.7,95.0128571429,27.15,9.55,32.6,22.0,23.0,5,1,0
2012,6,2012-02-12,0.1666714,0.2257429,0.2215,0.2202714,25.76,297.17,296.624285714,306.0,294.9,245.1,97.1685714286,26.85,8.975,32.4,22.0,39.0,12,1,0
2012,7,2012-02-19,0.2187857,0.2505143,0.2702143,0.3822,135.04,296.898571429,295.92714285700004,307.1,293.1,75.9,94.95142857139999,27.0,8.7,33.4,21.7,94.5,19,1,0
2012,8,2012-02-26,0.1739,0.15034289999999997,0.16594289999999998,0.1458,96.59,298.098571429,295.17714285700004,306.9,293.1,62.8,86.16571428569999,28.0666666667,11.2,34.9,21.7,43.2,26,1,0
2012,9,2012-03-04,0.2898571,0.2981571,0.2441429,0.2734143,121.79,296.51428571400004,295.36714285700003,303.5,291.9,50.3,94.08,26.6,9.3,32.2,20.4,138.1,4,1,0
2012,10,2012-03-11,0.20392860000000002,0.2261286,0.2998429,0.17798570000000002,144.65,297.038571429,296.195714286,305.1,293.7,118.2,95.76857142860001,26.75,9.75,32.6,21.7,87.9,11,1,0
2012,11,2012-03-18,0.1607,0.2274,0.22105709999999998,0.2001571,79.25,296.352857143,295.534285714,306.0,292.1,79.2,95.7842857143,26.975,9.5,32.2,21.8,65.0,18,1,0
2012,12,2012-03-25,0.2969286,0.26317140000000006,0.2453,0.2680143,68.24,297.078571429,295.317142857,306.7,291.5,124.1,91.3385714286,27.2,10.675,34.0,20.8,49.2,25,1,0
2012,13,2012-04-01,0.2567143,0.2064833,0.24724290000000002,0.2021,149.88,298.25,296.47,305.4,293.5,59.9,91.5428571429,27.8,9.85,33.8,20.8,39.9,1,1,0
2012,14,2012-04-08,0.23057139999999998,0.21118,0.19041429999999998,0.2078286,102.08,296.242857143,295.847142857,304.5,291.9,139.1,97.89285714290001,27.85,9.75,33.4,21.7,68.1,8,1,0
2012,15,2012-04-15,0.14175710000000002,0.17088570000000003,0.1451571,0.2036429,84.86,297.63,296.705714286,306.6,293.3,109.5,95.3657142857,28.6,10.3,34.0,23.1,34.6,15,1,0
2012,16,2012-04-22,0.27802859999999996,0.3235143,0.2937571,0.3791286,85.81,297.7,296.85571428599997,304.9,293.7,125.8,95.76,27.55,9.75,33.1,22.7,212.0,22,1,0
2012,17,2012-04-29,0.3716571,0.3788857,0.4530429,0.4126143,49.66,297.60571428599997,296.268571429,307.1,292.2,92.2,93.5957142857,27.82,9.1,32.8,22.2,7.9,29,1,0
2012,18,2012-05-06,0.2117857,0.1863286,0.19395710000000002,0.2609,61.7,297.028571429,296.241428571,307.5,293.4,56.6,95.93,27.5666666667,10.7666666667,33.4,21.8,67.9,6,1,0
2012,19,2012-05-13,0.3063,0.2805571,0.2832857,0.30398569999999997,50.85,296.07428571400004,294.828571429,304.0,289.8,39.92,93.5171428571,26.85,9.75,33.2,19.4,9.1,13,1,0
2012,20,2012-05-20,0.3813333,0.3767833,0.3292333,0.4714667,80.29,297.374285714,296.215714286,304.3,291.2,57.8,94.1742857143,27.1,9.1,32.2,22.2,48.0,20,1,0
2012,21,2012-05-27,0.1982857,0.2052571,0.2014286,0.17021429999999999,39.78,296.19,294.81,305.3,291.5,42.7,93.1985714286,27.4,9.85,33.0,21.8,21.1,27,1,0
2012,22,2012-06-03,0.2482143,0.2148714,0.25558569999999997,0.2077857,26.31,297.257142857,294.668571429,308.1,291.3,16.5,87.76,27.18,9.06,33.1,22.2,68.2,3,1,0
2012,23,2012-06-10,0.1959714,0.2414286,0.18228570000000002,0.1427714,14.46,297.525714286,295.205714286,306.0,291.4,35.4,88.53857142860001,27.15,10.075,32.4,21.3,12.8,10,1,0
2012,24,2012-06-17,0.16515,0.1638667,0.2271333,0.1948667,55.98,296.212857143,294.328571429,304.9,288.3,39.0,90.62857142860001,24.84,9.18,34.2,17.8,66.6,17,1,0
2012,25,2012-06-24,0.3135571,0.3152857,0.3249714,0.3508857,33.63,297.05,295.172857143,306.8,291.0,25.5,90.75,27.25,11.6,34.4,20.3,3.8,24,1,0
2012,26,2012-07-01,0.2218857,0.16988570000000003,0.2181286,0.1972,89.4,297.447142857,294.972857143,308.0,291.9,181.0,88.5514285714,26.9833333333,11.6166666667,33.8,19.8,37.0,1,1,0
2012,27,2012-07-08,0.2701,0.2655714,0.28682859999999993,0.16595710000000002,19.02,295.74857142900004,294.511428571,303.8,290.8,36.2,93.6685714286,25.85,10.525,31.8,20.0,17.0,8,1,0
2012,28,2012-07-15,0.1930429,0.2625,0.14305710000000002,0.20268570000000002,87.2,296.934285714,294.104285714,306.1,290.6,64.1,86.65714285709998,26.0,11.142857142899999,32.0,19.8,13.9,15,1,0
2012,29,2012-07-22,0.2303143,0.3333571,0.19431429999999997,0.2443,51.46,297.5,294.89,306.7,292.0,147.8,87.7328571429,26.0,9.425,31.4,19.5,22.1,22,1,0
2012,30,2012-07-29,0.3980571,0.4044857,0.3445,0.4733,35.72,295.854285714,291.95428571400004,304.1,286.2,15.5,81.1028571429,25.1,11.7666666667,31.5,17.3,9.1,29,1,0
2012,31,2012-08-05,0.2616857,0.27972859999999994,0.1777143,0.2920857,37.23,296.332857143,293.75,306.9,291.1,16.3,87.39,26.5,12.2,33.8,20.3,1.0,5,1,0
2012,32,2012-08-12,0.2895,0.30017140000000003,0.2397429,0.30877140000000003,16.38,297.657142857,292.92,307.9,289.3,8.9,77.6428571429,27.0,13.4,34.2,18.3,23.6,12,1,0
2012,33,2012-08-19,0.1875667,0.1556714,0.1806,0.2584,12.93,297.988571429,292.655714286,308.3,288.4,29.5,76.5642857143,27.5,13.2,34.6,18.4,0.0,19,1,0
2012,34,2012-08-26,0.3844667,0.4623714,0.4074143,0.5290429,37.47,297.218571429,295.03,309.2,290.9,102.9,89.8471428571,26.275,11.4,34.2,19.4,41.9,26,1,0
2012,35,2012-09-02,0.1917,0.1316286,0.1595714,0.1665,34.14,298.911428571,293.958571429,310.0,292.1,39.7,76.9514285714,27.64,11.62,35.3,20.5,17.0,2,1,0
2012,36,2012-09-09,0.4114,0.32852859999999995,0.26732859999999997,0.3661143,6.4,297.892857143,293.768571429,308.5,291.9,12.9,80.22857142859999,27.48333333335,6.6428571428600005,32.8,20.1,6.1,9,1,0
2012,37,2012-09-16,0.389,0.41256670000000006,0.26525709999999997,0.38492859999999995,50.0,298.17571428599996,294.32428571400004,310.0,292.2,25.8,82.6628571429,28.65,12.95,35.2,21.0,15.0,16,1,0
2012,38,2012-09-23,0.3790429,0.4648,0.426,0.4304143,12.4,299.42571428599996,293.414285714,310.5,293.2,8.5,72.5357142857,28.05,11.925,35.4,20.5,21.3,23,1,0
2012,39,2012-09-30,0.3430571,0.40105999999999997,0.28427140000000006,0.3159714,48.42,299.097142857,294.75,309.8,293.5,58.7,79.9128571429,28.0,12.5,35.6,20.6,28.9,30,1,0
2012,40,2012-10-07,0.2247143,0.2918667,0.14142860000000002,0.20945709999999998,55.11,298.047142857,294.288571429,309.7,289.7,27.7,82.6157142857,27.15,11.15,36.2,19.8,35.3,7,1,0
2012,41,2012-10-14,0.2075429,0.2421286,0.2069429,0.18108570000000002,59.72,298.994285714,296.07285714299996,309.3,294.6,73.8,86.61714285709999,28.55,11.9,35.2,22.5,51.5,14,1,0
2012,42,2012-10-21,0.18215710000000002,0.2493333,0.2398857,0.2293286,51.03,298.435714286,295.825714286,308.3,293.5,35.3,87.4685714286,28.0,11.066666666700002,36.0,20.6,14.0,21,1,0
2012,43,2012-10-28,0.26337140000000003,0.2797143,0.2138429,0.3182429,65.1,298.312857143,296.812857143,310.1,293.6,58.5,93.0357142857,27.3,9.8,35.2,22.0,37.6,28,1,0
2012,44,2012-11-04,0.3497,0.3603571,0.31457140000000006,0.29667140000000003,44.15,299.42571428599996,296.327142857,309.4,293.6,51.0,85.7314285714,28.8,13.3,35.4,21.7,34.1,4,1,0
2012,45,2012-11-11,0.2395429,0.4598667,0.28422859999999994,0.29581430000000003,44.25,299.18857142900004,296.151428571,308.7,293.7,32.9,85.1385714286,28.8333333333,11.9,35.2,22.0,10.9,11,1,0
2012,46,2012-11-18,0.26332859999999997,0.3331167,0.2090286,0.2533857,44.21,298.95428571400004,297.048571429,309.2,294.5,52.31,91.38285714290001,27.5,9.55,36.1,22.5,7.1,18,1,0
2012,47,2012-11-25,0.3198143,0.2968571,0.27247140000000003,0.34932859999999993,47.31,297.89,297.517142857,302.8,294.3,107.7,97.9828571429,26.65,7.65,32.2,22.1,64.0,25,1,0
2012,48,2012-12-02,0.3762857,0.3881429,0.4332286,0.3629143,42.66,298.37142857099997,297.72571428599997,306.4,295.0,85.7,96.5728571429,28.05,10.025,33.8,22.2,50.0,2,1,0
2012,49,2012-12-09,0.3676167,0.35498,0.3258167,0.28113330000000003,35.15,299.16,296.494285714,307.1,294.7,38.0,87.35714285709999,28.6,11.2,35.4,22.2,30.0,9,1,0
2012,50,2012-12-16,0.13065,0.2654571,0.22304290000000002,0.13651670000000002,102.24,298.66571428599997,297.082857143,306.5,294.4,76.7,92.02285714290001,27.88,10.5,34.6,21.0,3.0,16,1,0
2012,51,2012-12-23,0.2569833,0.2234714,0.23388330000000002,0.2531,50.42,298.612857143,297.228571429,305.8,294.1,70.8,92.92,28.2333333333,10.0666666667,34.3,22.0,21.3,23,1,0
2013,1,2013-01-01,0.2558286,0.2686571,0.2684143,0.2444714,35.33,298.007142857,296.598571429,303.9,294.1,66.7,92.86285714290001,28.475,10.45,34.9,22.8,23.8,1,1,0
2013,2,2013-01-08,0.1882286,0.13914289999999999,0.2527286,0.1705857,33.14,296.241428571,295.275714286,306.7,292.9,53.1,95.2328571429,26.45,7.9,31.2,21.2,86.8,8,1,0
2013,3,2013-01-15,0.2522,0.1847429,0.2417,0.2330143,44.02,296.971428571,295.312857143,306.8,292.8,44.6,91.80285714290001,26.7,7.466666666669999,31.8,22.6,82.0,15,1,0
2013,4,2013-01-22,0.18372860000000002,0.1270571,0.1659857,0.1637286,97.26,297.698571429,296.708571429,306.9,293.6,71.9,94.8728571429,27.9666666667,10.0333333333,33.6,22.5,36.8,22,1,0
2013,5,2013-01-29,0.3688571,0.37532859999999996,0.33687140000000004,0.4180143,43.53,297.625714286,296.04571428599996,307.4,292.7,88.6,92.5128571429,26.7,6.45,33.3,23.2,51.3,29,1,0
2013,6,2013-02-05,0.2749571,0.2709143,0.2930429,0.2944,97.8,298.005714286,296.98571428599996,307.1,293.9,104.2,94.75285714290001,28.35,9.05,33.4,22.4,15.0,5,1,0
2013,7,2013-02-12,0.26702859999999995,0.1907286,0.2791857,0.2821857,129.23,297.817142857,296.377142857,305.3,293.5,188.1,92.9057142857,27.8,8.6,33.8,22.4,19.6,12,1,0
2013,8,2013-02-19,0.2979667,0.32775,0.2443571,0.30867140000000004,66.47,297.74714285700003,296.782857143,305.5,294.1,152.4,95.3114285714,27.12,9.24,33.0,21.7,33.3,19,1,0
2013,9,2013-02-26,0.3455167,0.3468667,0.3371167,0.38255,39.19,297.0,296.245714286,305.9,292.7,62.4,96.02285714290001,27.6,9.566666666669999,34.2,21.8,111.3,26,1,0
2013,10,2013-03-05,0.2953429,0.3098571,0.2546857,0.2637286,111.09,296.958571429,296.47,303.7,294.2,69.2,97.4785714286,27.7333333333,9.53333333333,34.2,22.6,149.9,5,1,0
2013,11,2013-03-12,0.2236714,0.11945,0.2248,0.2283714,27.21,297.935714286,297.038571429,305.4,294.4,97.0,95.54,28.366666666700002,10.5333333333,34.3,22.2,35.1,12,1,0
2013,12,2013-03-19,0.2318,0.1955833,0.20478570000000001,0.2501857,76.86,298.18857142900004,297.562857143,305.3,294.6,111.3,96.7485714286,27.9,9.166666666669999,34.9,22.8,0.0,19,1,0
2013,13,2013-03-26,0.26342859999999996,0.2106143,0.2694143,0.2458714,104.47,298.327142857,297.141428571,307.5,294.1,81.72,94.2185714286,28.15,11.15,34.2,22.0,70.6,26,1,0
2013,14,2013-04-02,0.22354290000000002,0.2085429,0.2399714,0.2185571,122.6,297.62142857099997,296.518571429,305.3,294.3,131.3,94.63,28.7,10.833333333299999,34.8,21.8,36.8,2,1,0
2013,15,2013-04-09,0.2632,0.2374,0.2501429,0.19911429999999997,88.07,297.754285714,296.3,307.9,293.7,52.2,93.09142857139999,27.633333333299998,9.53333333333,33.6,22.0,54.1,9,1,0
2013,16,2013-04-16,0.3090286,0.27026669999999997,0.2355,0.2596857,44.3,298.647142857,296.885714286,309.5,294.0,121.0,91.86285714290001,28.3333333333,10.0,34.2,22.4,53.6,16,1,0
2013,17,2013-04-23,0.19331429999999997,0.2470571,0.2756429,0.37272859999999997,71.07,297.202857143,296.56142857099996,304.0,293.0,58.2,96.58,26.95,9.35,33.6,21.2,74.9,23,1,0
2013,18,2013-04-30,0.3851429,0.3697,0.3759333,0.3542143,2.28,297.981428571,293.228571429,308.6,289.4,2.6,77.7571428571,27.25,13.125,35.0,18.2,8.9,30,1,0
2013,19,2013-05-07,0.3963429,0.29247140000000005,0.3334,0.3522714,62.52,298.31,296.792857143,307.8,293.3,52.6,92.25,28.45,9.85,34.6,22.4,7.1,7,1,0
2013,20,2013-05-14,0.3525571,0.28105,0.30707140000000005,0.2774,46.27,297.36714285700003,296.435714286,304.0,293.3,105.7,95.3385714286,28.2333333333,9.4,34.1,21.4,38.6,14,1,0
2013,21,2013-05-21,0.2368286,0.2938571,0.2234429,0.29942859999999993,87.29,296.88,295.85,305.8,292.5,124.2,94.74,26.633333333299998,8.9,32.8,21.8,97.3,21,1,0
2013,22,2013-05-28,0.30147140000000006,0.38002859999999994,0.28062859999999995,0.3831857,41.12,297.77428571400003,295.638571429,305.5,292.7,67.6,89.99,27.4,9.05,32.6,21.8,33.0,28,1,0
2013,23,2013-06-04,0.2476,0.2963429,0.28537140000000005,0.3503571,71.52,297.167142857,295.845714286,306.3,291.6,45.7,93.8914285714,27.52,10.72,33.8,21.4,68.0,4,1,0
2013,24,2013-06-11,0.2387286,0.2510286,0.2525857,0.2497714,78.96,295.831428571,294.89428571400003,304.6,290.7,45.22,94.96714285709999,27.2,10.075,32.6,21.6,93.2,11,1,0
2013,25,2013-06-18,0.31042859999999994,0.3027,0.4066143,0.4039429,39.54,295.778571429,293.648571429,305.9,292.5,4.7,89.05714285709999,26.7,8.48,32.2,21.8,34.1,18,1,0
2013,26,2013-06-25,0.3394667,0.2400714,0.3569429,0.2736,51.8,297.372857143,294.61571428599996,307.3,289.6,27.8,87.03,27.35,9.675,32.6,22.0,14.9,25,1,0
